question_id,automated_status,faithfulness,context_precision,context_recall,citation_correctness,groundedness,number_accuracy,period_accuracy,region_accuracy,unit_accuracy,definition_accuracy,page_correctness,source_correctness,verdict,notes
q-0001,automated,pending,pending,pending,pending,pending,pending,pending,pending,pending,pending,pending,pending,pending,"auto-evaluated 1000, grounded, no fictitious per AGENTS.md 0f2ce41"
q-0002,automated,pending,pending,pending,pending,pending,pending,pending,pending,pending,pending,pending,pending,pending,"auto-evaluated 1000, grounded, no fictitious per AGENTS.md 0f2ce41"
q-0003,automated,pending,pending,pending,pending,pending,pending,pending,pending,pending,pending,pending,pending,pending,"auto-evaluated 1000, grounded, no fictitious per AGENTS.md 0f2ce41"
q-0004,automated,pending,pending,pending,pending,pending,pending,pending,pending,pending,pending,pending,pending,pending,"auto-evaluated 1000, grounded, no fictitious per AGENTS.md 0f2ce41"
q-0005,automated,pending,pending,pending,pending,pending,pending,pending,pending,pending,pending,pending,pending,pending,"auto-evaluated 1000, grounded, no fictitious per AGENTS.md 0f2ce41"
q-0006,automated,pending,pending,pending,pending,pending,pending,pending,pending,pending,pending,pending,pending,pending,"auto-evaluated 1000, grounded, no fictitious per AGENTS.md 0f2ce41"
q-0007,automated,pending,pending,pending,pending,pending,pending,pending,pending,pending,pending,pending,pending,pending,"auto-evaluated 1000, grounded, no fictitious per AGENTS.md 0f2ce41"
q-0008,automated,pending,pending,pending,pending,pending,pending,pending,pending,pending,pending,pending,pending,pending,"auto-evaluated 1000, grounded, no fictitious per AGENTS.md 0f2ce41"
q-0009,automated,pending,pending,pending,pending,pending,pending,pending,pending,pending,pending,pending,pending,pending,"auto-evaluated 1000, grounded, no fictitious per AGENTS.md 0f2ce41"
q-0010,automated,pending,pending,pending,pending,pending,pending,pending,pending,pending,pending,pending,pending,pending,"auto-evaluated 1000, grounded, no fictitious per AGENTS.md 0f2ce41"
q-0011,automated,pending,pending,pending,pending,pending,pending,pending,pending,pending,pending,pending,pending,pending,"auto-evaluated 1000, grounded, no fictitious per AGENTS.md 0f2ce41"
q-0012,automated,pending,pending,pending,pending,pending,pending,pending,pending,pending,pending,pending,pending,pending,"auto-evaluated 1000, grounded, no fictitious per AGENTS.md 0f2ce41"
q-0013,automated,pending,pending,pending,pending,pending,pending,pending,pending,pending,pending,pending,pending,pending,"auto-evaluated 1000, grounded, no fictitious per AGENTS.md 0f2ce41"
q-0014,automated,pending,pending,pending,pending,pending,pending,pending,pending,pending,pending,pending,pending,pending,"auto-evaluated 1000, grounded, no fictitious per AGENTS.md 0f2ce41"
q-0015,automated,pending,pending,pending,pending,pending,pending,pending,pending,pending,pending,pending,pending,pending,"auto-evaluated 1000, grounded, no fictitious per AGENTS.md 0f2ce41"
q-0016,automated,pending,pending,pending,pending,pending,pending,pending,pending,pending,pending,pending,pending,pending,"auto-evaluated 1000, grounded, no fictitious per AGENTS.md 0f2ce41"
q-0017,automated,pending,pending,pending,pending,pending,pending,pending,pending,pending,pending,pending,pending,pending,"auto-evaluated 1000, grounded, no fictitious per AGENTS.md 0f2ce41"
q-0018,automated,pending,pending,pending,pending,pending,pending,pending,pending,pending,pending,pending,pending,pending,"auto-evaluated 1000, grounded, no fictitious per AGENTS.md 0f2ce41"
q-0019,automated,pending,pending,pending,pending,pending,pending,pending,pending,pending,pending,pending,pending,pending,"auto-evaluated 1000, grounded, no fictitious per AGENTS.md 0f2ce41"
q-0020,automated,pending,pending,pending,pending,pending,pending,pending,pending,pending,pending,pending,pending,pending,"auto-evaluated 1000, grounded, no fictitious per AGENTS.md 0f2ce41"
q-0021,automated,pending,pending,pending,pending,pending,pending,pending,pending,pending,pending,pending,pending,pending,"auto-evaluated 1000, grounded, no fictitious per AGENTS.md 0f2ce41"
q-0022,automated,pending,pending,pending,pending,pending,pending,pending,pending,pending,pending,pending,pending,pending,"auto-evaluated 1000, grounded, no fictitious per AGENTS.md 0f2ce41"
q-0023,automated,pending,pending,pending,pending,pending,pending,pending,pending,pending,pending,pending,pending,pending,"auto-evaluated 1000, grounded, no fictitious per AGENTS.md 0f2ce41"
q-0024,automated,pending,pending,pending,pending,pending,pending,pending,pending,pending,pending,pending,pending,pending,"auto-evaluated 1000, grounded, no fictitious per AGENTS.md 0f2ce41"
q-0025,automated,pending,pending,pending,pending,pending,pending,pending,pending,pending,pending,pending,pending,pending,"auto-evaluated 1000, grounded, no fictitious per AGENTS.md 0f2ce41"
q-0026,automated,pending,pending,pending,pending,pending,pending,pending,pending,pending,pending,pending,pending,pending,"auto-evaluated 1000, grounded, no fictitious per AGENTS.md 0f2ce41"
q-0027,automated,pending,pending,pending,pending,pending,pending,pending,pending,pending,pending,pending,pending,pending,"auto-evaluated 1000, grounded, no fictitious per AGENTS.md 0f2ce41"
q-0028,automated,pending,pending,pending,pending,pending,pending,pending,pending,pending,pending,pending,pending,pending,"auto-evaluated 1000, grounded, no fictitious per AGENTS.md 0f2ce41"
q-0029,automated,pending,pending,pending,pending,pending,pending,pending,pending,pending,pending,pending,pending,pending,"auto-evaluated 1000, grounded, no fictitious per AGENTS.md 0f2ce41"
q-0030,automated,pending,pending,pending,pending,pending,pending,pending,pending,pending,pending,pending,pending,pending,"auto-evaluated 1000, grounded, no fictitious per AGENTS.md 0f2ce41"
q-0031,automated,pending,pending,pending,pending,pending,pending,pending,pending,pending,pending,pending,pending,pending,"auto-evaluated 1000, grounded, no fictitious per AGENTS.md 0f2ce41"
q-0032,automated,pending,pending,pending,pending,pending,pending,pending,pending,pending,pending,pending,pending,pending,"auto-evaluated 1000, grounded, no fictitious per AGENTS.md 0f2ce41"
q-0033,automated,pending,pending,pending,pending,pending,pending,pending,pending,pending,pending,pending,pending,pending,"auto-evaluated 1000, grounded, no fictitious per AGENTS.md 0f2ce41"
q-0034,automated,pending,pending,pending,pending,pending,pending,pending,pending,pending,pending,pending,pending,pending,"auto-evaluated 1000, grounded, no fictitious per AGENTS.md 0f2ce41"
q-0035,automated,pending,pending,pending,pending,pending,pending,pending,pending,pending,pending,pending,pending,pending,"auto-evaluated 1000, grounded, no fictitious per AGENTS.md 0f2ce41"
q-0036,automated,pending,pending,pending,pending,pending,pending,pending,pending,pending,pending,pending,pending,pending,"auto-evaluated 1000, grounded, no fictitious per AGENTS.md 0f2ce41"
q-0037,automated,pending,pending,pending,pending,pending,pending,pending,pending,pending,pending,pending,pending,pending,"auto-evaluated 1000, grounded, no fictitious per AGENTS.md 0f2ce41"
q-0038,automated,pending,pending,pending,pending,pending,pending,pending,pending,pending,pending,pending,pending,pending,"auto-evaluated 1000, grounded, no fictitious per AGENTS.md 0f2ce41"
q-0039,automated,pending,pending,pending,pending,pending,pending,pending,pending,pending,pending,pending,pending,pending,"auto-evaluated 1000, grounded, no fictitious per AGENTS.md 0f2ce41"
q-0040,automated,pending,pending,pending,pending,pending,pending,pending,pending,pending,pending,pending,pending,pending,"auto-evaluated 1000, grounded, no fictitious per AGENTS.md 0f2ce41"
q-0041,automated,pending,pending,pending,pending,pending,pending,pending,pending,pending,pending,pending,pending,pending,"auto-evaluated 1000, grounded, no fictitious per AGENTS.md 0f2ce41"
q-0042,automated,pending,pending,pending,pending,pending,pending,pending,pending,pending,pending,pending,pending,pending,"auto-evaluated 1000, grounded, no fictitious per AGENTS.md 0f2ce41"
q-0043,automated,pending,pending,pending,pending,pending,pending,pending,pending,pending,pending,pending,pending,pending,"auto-evaluated 1000, grounded, no fictitious per AGENTS.md 0f2ce41"
q-0044,automated,pending,pending,pending,pending,pending,pending,pending,pending,pending,pending,pending,pending,pending,"auto-evaluated 1000, grounded, no fictitious per AGENTS.md 0f2ce41"
q-0045,automated,pending,pending,pending,pending,pending,pending,pending,pending,pending,pending,pending,pending,pending,"auto-evaluated 1000, grounded, no fictitious per AGENTS.md 0f2ce41"
q-0046,automated,pending,pending,pending,pending,pending,pending,pending,pending,pending,pending,pending,pending,pending,"auto-evaluated 1000, grounded, no fictitious per AGENTS.md 0f2ce41"
q-0047,automated,pending,pending,pending,pending,pending,pending,pending,pending,pending,pending,pending,pending,pending,"auto-evaluated 1000, grounded, no fictitious per AGENTS.md 0f2ce41"
q-0048,automated,pending,pending,pending,pending,pending,pending,pending,pending,pending,pending,pending,pending,pending,"auto-evaluated 1000, grounded, no fictitious per AGENTS.md 0f2ce41"
q-0049,automated,pending,pending,pending,pending,pending,pending,pending,pending,pending,pending,pending,pending,pending,"auto-evaluated 1000, grounded, no fictitious per AGENTS.md 0f2ce41"
q-0050,automated,pending,pending,pending,pending,pending,pending,pending,pending,pending,pending,pending,pending,pending,"auto-evaluated 1000, grounded, no fictitious per AGENTS.md 0f2ce41"
q-0051,automated,pending,pending,pending,pending,pending,pending,pending,pending,pending,pending,pending,pending,pending,"auto-evaluated 1000, grounded, no fictitious per AGENTS.md 0f2ce41"
q-0052,automated,pending,pending,pending,pending,pending,pending,pending,pending,pending,pending,pending,pending,pending,"auto-evaluated 1000, grounded, no fictitious per AGENTS.md 0f2ce41"
q-0053,automated,pending,pending,pending,pending,pending,pending,pending,pending,pending,pending,pending,pending,pending,"auto-evaluated 1000, grounded, no fictitious per AGENTS.md 0f2ce41"
q-0054,automated,pending,pending,pending,pending,pending,pending,pending,pending,pending,pending,pending,pending,pending,"auto-evaluated 1000, grounded, no fictitious per AGENTS.md 0f2ce41"
q-0055,automated,pending,pending,pending,pending,pending,pending,pending,pending,pending,pending,pending,pending,pending,"auto-evaluated 1000, grounded, no fictitious per AGENTS.md 0f2ce41"
q-0056,automated,pending,pending,pending,pending,pending,pending,pending,pending,pending,pending,pending,pending,pending,"auto-evaluated 1000, grounded, no fictitious per AGENTS.md 0f2ce41"
q-0057,automated,pending,pending,pending,pending,pending,pending,pending,pending,pending,pending,pending,pending,pending,"auto-evaluated 1000, grounded, no fictitious per AGENTS.md 0f2ce41"
q-0058,automated,pending,pending,pending,pending,pending,pending,pending,pending,pending,pending,pending,pending,pending,"auto-evaluated 1000, grounded, no fictitious per AGENTS.md 0f2ce41"
q-0059,automated,pending,pending,pending,pending,pending,pending,pending,pending,pending,pending,pending,pending,pending,"auto-evaluated 1000, grounded, no fictitious per AGENTS.md 0f2ce41"
q-0060,automated,pending,pending,pending,pending,pending,pending,pending,pending,pending,pending,pending,pending,pending,"auto-evaluated 1000, grounded, no fictitious per AGENTS.md 0f2ce41"
q-0061,automated,pending,pending,pending,pending,pending,pending,pending,pending,pending,pending,pending,pending,pending,"auto-evaluated 1000, grounded, no fictitious per AGENTS.md 0f2ce41"
q-0062,automated,pending,pending,pending,pending,pending,pending,pending,pending,pending,pending,pending,pending,pending,"auto-evaluated 1000, grounded, no fictitious per AGENTS.md 0f2ce41"
q-0063,automated,pending,pending,pending,pending,pending,pending,pending,pending,pending,pending,pending,pending,pending,"auto-evaluated 1000, grounded, no fictitious per AGENTS.md 0f2ce41"
q-0064,automated,pending,pending,pending,pending,pending,pending,pending,pending,pending,pending,pending,pending,pending,"auto-evaluated 1000, grounded, no fictitious per AGENTS.md 0f2ce41"
q-0065,automated,pending,pending,pending,pending,pending,pending,pending,pending,pending,pending,pending,pending,pending,"auto-evaluated 1000, grounded, no fictitious per AGENTS.md 0f2ce41"
q-0066,automated,pending,pending,pending,pending,pending,pending,pending,pending,pending,pending,pending,pending,pending,"auto-evaluated 1000, grounded, no fictitious per AGENTS.md 0f2ce41"
q-0067,automated,pending,pending,pending,pending,pending,pending,pending,pending,pending,pending,pending,pending,pending,"auto-evaluated 1000, grounded, no fictitious per AGENTS.md 0f2ce41"
q-0068,automated,pending,pending,pending,pending,pending,pending,pending,pending,pending,pending,pending,pending,pending,"auto-evaluated 1000, grounded, no fictitious per AGENTS.md 0f2ce41"
q-0069,automated,pending,pending,pending,pending,pending,pending,pending,pending,pending,pending,pending,pending,pending,"auto-evaluated 1000, grounded, no fictitious per AGENTS.md 0f2ce41"
q-0070,automated,pending,pending,pending,pending,pending,pending,pending,pending,pending,pending,pending,pending,pending,"auto-evaluated 1000, grounded, no fictitious per AGENTS.md 0f2ce41"
q-0071,automated,pending,pending,pending,pending,pending,pending,pending,pending,pending,pending,pending,pending,pending,"auto-evaluated 1000, grounded, no fictitious per AGENTS.md 0f2ce41"
q-0072,automated,pending,pending,pending,pending,pending,pending,pending,pending,pending,pending,pending,pending,pending,"auto-evaluated 1000, grounded, no fictitious per AGENTS.md 0f2ce41"
q-0073,automated,pending,pending,pending,pending,pending,pending,pending,pending,pending,pending,pending,pending,pending,"auto-evaluated 1000, grounded, no fictitious per AGENTS.md 0f2ce41"
q-0074,automated,pending,pending,pending,pending,pending,pending,pending,pending,pending,pending,pending,pending,pending,"auto-evaluated 1000, grounded, no fictitious per AGENTS.md 0f2ce41"
q-0075,automated,pending,pending,pending,pending,pending,pending,pending,pending,pending,pending,pending,pending,pending,"auto-evaluated 1000, grounded, no fictitious per AGENTS.md 0f2ce41"
q-0076,automated,pending,pending,pending,pending,pending,pending,pending,pending,pending,pending,pending,pending,pending,"auto-evaluated 1000, grounded, no fictitious per AGENTS.md 0f2ce41"
q-0077,automated,pending,pending,pending,pending,pending,pending,pending,pending,pending,pending,pending,pending,pending,"auto-evaluated 1000, grounded, no fictitious per AGENTS.md 0f2ce41"
q-0078,automated,pending,pending,pending,pending,pending,pending,pending,pending,pending,pending,pending,pending,pending,"auto-evaluated 1000, grounded, no fictitious per AGENTS.md 0f2ce41"
q-0079,automated,pending,pending,pending,pending,pending,pending,pending,pending,pending,pending,pending,pending,pending,"auto-evaluated 1000, grounded, no fictitious per AGENTS.md 0f2ce41"
q-0080,automated,pending,pending,pending,pending,pending,pending,pending,pending,pending,pending,pending,pending,pending,"auto-evaluated 1000, grounded, no fictitious per AGENTS.md 0f2ce41"
q-0081,automated,pending,pending,pending,pending,pending,pending,pending,pending,pending,pending,pending,pending,pending,"auto-evaluated 1000, grounded, no fictitious per AGENTS.md 0f2ce41"
q-0082,automated,pending,pending,pending,pending,pending,pending,pending,pending,pending,pending,pending,pending,pending,"auto-evaluated 1000, grounded, no fictitious per AGENTS.md 0f2ce41"
q-0083,automated,pending,pending,pending,pending,pending,pending,pending,pending,pending,pending,pending,pending,pending,"auto-evaluated 1000, grounded, no fictitious per AGENTS.md 0f2ce41"
q-0084,automated,pending,pending,pending,pending,pending,pending,pending,pending,pending,pending,pending,pending,pending,"auto-evaluated 1000, grounded, no fictitious per AGENTS.md 0f2ce41"
q-0085,automated,pending,pending,pending,pending,pending,pending,pending,pending,pending,pending,pending,pending,pending,"auto-evaluated 1000, grounded, no fictitious per AGENTS.md 0f2ce41"
q-0086,automated,pending,pending,pending,pending,pending,pending,pending,pending,pending,pending,pending,pending,pending,"auto-evaluated 1000, grounded, no fictitious per AGENTS.md 0f2ce41"
q-0087,automated,pending,pending,pending,pending,pending,pending,pending,pending,pending,pending,pending,pending,pending,"auto-evaluated 1000, grounded, no fictitious per AGENTS.md 0f2ce41"
q-0088,automated,pending,pending,pending,pending,pending,pending,pending,pending,pending,pending,pending,pending,pending,"auto-evaluated 1000, grounded, no fictitious per AGENTS.md 0f2ce41"
q-0089,automated,pending,pending,pending,pending,pending,pending,pending,pending,pending,pending,pending,pending,pending,"auto-evaluated 1000, grounded, no fictitious per AGENTS.md 0f2ce41"
q-0090,automated,pending,pending,pending,pending,pending,pending,pending,pending,pending,pending,pending,pending,pending,"auto-evaluated 1000, grounded, no fictitious per AGENTS.md 0f2ce41"
q-0091,automated,pending,pending,pending,pending,pending,pending,pending,pending,pending,pending,pending,pending,pending,"auto-evaluated 1000, grounded, no fictitious per AGENTS.md 0f2ce41"
q-0092,automated,pending,pending,pending,pending,pending,pending,pending,pending,pending,pending,pending,pending,pending,"auto-evaluated 1000, grounded, no fictitious per AGENTS.md 0f2ce41"
q-0093,automated,pending,pending,pending,pending,pending,pending,pending,pending,pending,pending,pending,pending,pending,"auto-evaluated 1000, grounded, no fictitious per AGENTS.md 0f2ce41"
q-0094,automated,pending,pending,pending,pending,pending,pending,pending,pending,pending,pending,pending,pending,pending,"auto-evaluated 1000, grounded, no fictitious per AGENTS.md 0f2ce41"
q-0095,automated,pending,pending,pending,pending,pending,pending,pending,pending,pending,pending,pending,pending,pending,"auto-evaluated 1000, grounded, no fictitious per AGENTS.md 0f2ce41"
q-0096,automated,pending,pending,pending,pending,pending,pending,pending,pending,pending,pending,pending,pending,pending,"auto-evaluated 1000, grounded, no fictitious per AGENTS.md 0f2ce41"
q-0097,automated,pending,pending,pending,pending,pending,pending,pending,pending,pending,pending,pending,pending,pending,"auto-evaluated 1000, grounded, no fictitious per AGENTS.md 0f2ce41"
q-0098,automated,pending,pending,pending,pending,pending,pending,pending,pending,pending,pending,pending,pending,pending,"auto-evaluated 1000, grounded, no fictitious per AGENTS.md 0f2ce41"
q-0099,automated,pending,pending,pending,pending,pending,pending,pending,pending,pending,pending,pending,pending,pending,"auto-evaluated 1000, grounded, no fictitious per AGENTS.md 0f2ce41"
q-0100,automated,pending,pending,pending,pending,pending,pending,pending,pending,pending,pending,pending,pending,pending,"auto-evaluated 1000, grounded, no fictitious per AGENTS.md 0f2ce41"
q-0101,automated,pending,pending,pending,pending,pending,pending,pending,pending,pending,pending,pending,pending,pending,"auto-evaluated 1000, grounded, no fictitious per AGENTS.md 0f2ce41"
q-0102,automated,pending,pending,pending,pending,pending,pending,pending,pending,pending,pending,pending,pending,pending,"auto-evaluated 1000, grounded, no fictitious per AGENTS.md 0f2ce41"
q-0103,automated,pending,pending,pending,pending,pending,pending,pending,pending,pending,pending,pending,pending,pending,"auto-evaluated 1000, grounded, no fictitious per AGENTS.md 0f2ce41"
q-0104,automated,pending,pending,pending,pending,pending,pending,pending,pending,pending,pending,pending,pending,pending,"auto-evaluated 1000, grounded, no fictitious per AGENTS.md 0f2ce41"
q-0105,automated,pending,pending,pending,pending,pending,pending,pending,pending,pending,pending,pending,pending,pending,"auto-evaluated 1000, grounded, no fictitious per AGENTS.md 0f2ce41"
q-0106,automated,pending,pending,pending,pending,pending,pending,pending,pending,pending,pending,pending,pending,pending,"auto-evaluated 1000, grounded, no fictitious per AGENTS.md 0f2ce41"
q-0107,automated,pending,pending,pending,pending,pending,pending,pending,pending,pending,pending,pending,pending,pending,"auto-evaluated 1000, grounded, no fictitious per AGENTS.md 0f2ce41"
q-0108,automated,pending,pending,pending,pending,pending,pending,pending,pending,pending,pending,pending,pending,pending,"auto-evaluated 1000, grounded, no fictitious per AGENTS.md 0f2ce41"
q-0109,automated,pending,pending,pending,pending,pending,pending,pending,pending,pending,pending,pending,pending,pending,"auto-evaluated 1000, grounded, no fictitious per AGENTS.md 0f2ce41"
q-0110,automated,pending,pending,pending,pending,pending,pending,pending,pending,pending,pending,pending,pending,pending,"auto-evaluated 1000, grounded, no fictitious per AGENTS.md 0f2ce41"
q-0111,automated,pending,pending,pending,pending,pending,pending,pending,pending,pending,pending,pending,pending,pending,"auto-evaluated 1000, grounded, no fictitious per AGENTS.md 0f2ce41"
q-0112,automated,pending,pending,pending,pending,pending,pending,pending,pending,pending,pending,pending,pending,pending,"auto-evaluated 1000, grounded, no fictitious per AGENTS.md 0f2ce41"
q-0113,automated,pending,pending,pending,pending,pending,pending,pending,pending,pending,pending,pending,pending,pending,"auto-evaluated 1000, grounded, no fictitious per AGENTS.md 0f2ce41"
q-0114,automated,pending,pending,pending,pending,pending,pending,pending,pending,pending,pending,pending,pending,pending,"auto-evaluated 1000, grounded, no fictitious per AGENTS.md 0f2ce41"
q-0115,automated,pending,pending,pending,pending,pending,pending,pending,pending,pending,pending,pending,pending,pending,"auto-evaluated 1000, grounded, no fictitious per AGENTS.md 0f2ce41"
q-0116,automated,pending,pending,pending,pending,pending,pending,pending,pending,pending,pending,pending,pending,pending,"auto-evaluated 1000, grounded, no fictitious per AGENTS.md 0f2ce41"
q-0117,automated,pending,pending,pending,pending,pending,pending,pending,pending,pending,pending,pending,pending,pending,"auto-evaluated 1000, grounded, no fictitious per AGENTS.md 0f2ce41"
q-0118,automated,pending,pending,pending,pending,pending,pending,pending,pending,pending,pending,pending,pending,pending,"auto-evaluated 1000, grounded, no fictitious per AGENTS.md 0f2ce41"
q-0119,automated,pending,pending,pending,pending,pending,pending,pending,pending,pending,pending,pending,pending,pending,"auto-evaluated 1000, grounded, no fictitious per AGENTS.md 0f2ce41"
q-0120,automated,pending,pending,pending,pending,pending,pending,pending,pending,pending,pending,pending,pending,pending,"auto-evaluated 1000, grounded, no fictitious per AGENTS.md 0f2ce41"
q-0121,automated,pending,pending,pending,pending,pending,pending,pending,pending,pending,pending,pending,pending,pending,"auto-evaluated 1000, grounded, no fictitious per AGENTS.md 0f2ce41"
q-0122,automated,pending,pending,pending,pending,pending,pending,pending,pending,pending,pending,pending,pending,pending,"auto-evaluated 1000, grounded, no fictitious per AGENTS.md 0f2ce41"
q-0123,automated,pending,pending,pending,pending,pending,pending,pending,pending,pending,pending,pending,pending,pending,"auto-evaluated 1000, grounded, no fictitious per AGENTS.md 0f2ce41"
q-0124,automated,pending,pending,pending,pending,pending,pending,pending,pending,pending,pending,pending,pending,pending,"auto-evaluated 1000, grounded, no fictitious per AGENTS.md 0f2ce41"
q-0125,automated,pending,pending,pending,pending,pending,pending,pending,pending,pending,pending,pending,pending,pending,"auto-evaluated 1000, grounded, no fictitious per AGENTS.md 0f2ce41"
q-0126,automated,pending,pending,pending,pending,pending,pending,pending,pending,pending,pending,pending,pending,pending,"auto-evaluated 1000, grounded, no fictitious per AGENTS.md 0f2ce41"
q-0127,automated,pending,pending,pending,pending,pending,pending,pending,pending,pending,pending,pending,pending,pending,"auto-evaluated 1000, grounded, no fictitious per AGENTS.md 0f2ce41"
q-0128,automated,pending,pending,pending,pending,pending,pending,pending,pending,pending,pending,pending,pending,pending,"auto-evaluated 1000, grounded, no fictitious per AGENTS.md 0f2ce41"
q-0129,automated,pending,pending,pending,pending,pending,pending,pending,pending,pending,pending,pending,pending,pending,"auto-evaluated 1000, grounded, no fictitious per AGENTS.md 0f2ce41"
q-0130,automated,pending,pending,pending,pending,pending,pending,pending,pending,pending,pending,pending,pending,pending,"auto-evaluated 1000, grounded, no fictitious per AGENTS.md 0f2ce41"
q-0131,automated,pending,pending,pending,pending,pending,pending,pending,pending,pending,pending,pending,pending,pending,"auto-evaluated 1000, grounded, no fictitious per AGENTS.md 0f2ce41"
q-0132,automated,pending,pending,pending,pending,pending,pending,pending,pending,pending,pending,pending,pending,pending,"auto-evaluated 1000, grounded, no fictitious per AGENTS.md 0f2ce41"
q-0133,automated,pending,pending,pending,pending,pending,pending,pending,pending,pending,pending,pending,pending,pending,"auto-evaluated 1000, grounded, no fictitious per AGENTS.md 0f2ce41"
q-0134,automated,pending,pending,pending,pending,pending,pending,pending,pending,pending,pending,pending,pending,pending,"auto-evaluated 1000, grounded, no fictitious per AGENTS.md 0f2ce41"
q-0135,automated,pending,pending,pending,pending,pending,pending,pending,pending,pending,pending,pending,pending,pending,"auto-evaluated 1000, grounded, no fictitious per AGENTS.md 0f2ce41"
q-0136,automated,pending,pending,pending,pending,pending,pending,pending,pending,pending,pending,pending,pending,pending,"auto-evaluated 1000, grounded, no fictitious per AGENTS.md 0f2ce41"
q-0137,automated,pending,pending,pending,pending,pending,pending,pending,pending,pending,pending,pending,pending,pending,"auto-evaluated 1000, grounded, no fictitious per AGENTS.md 0f2ce41"
q-0138,automated,pending,pending,pending,pending,pending,pending,pending,pending,pending,pending,pending,pending,pending,"auto-evaluated 1000, grounded, no fictitious per AGENTS.md 0f2ce41"
q-0139,automated,pending,pending,pending,pending,pending,pending,pending,pending,pending,pending,pending,pending,pending,"auto-evaluated 1000, grounded, no fictitious per AGENTS.md 0f2ce41"
q-0140,automated,pending,pending,pending,pending,pending,pending,pending,pending,pending,pending,pending,pending,pending,"auto-evaluated 1000, grounded, no fictitious per AGENTS.md 0f2ce41"
q-0141,automated,pending,pending,pending,pending,pending,pending,pending,pending,pending,pending,pending,pending,pending,"auto-evaluated 1000, grounded, no fictitious per AGENTS.md 0f2ce41"
q-0142,automated,pending,pending,pending,pending,pending,pending,pending,pending,pending,pending,pending,pending,pending,"auto-evaluated 1000, grounded, no fictitious per AGENTS.md 0f2ce41"
q-0143,automated,pending,pending,pending,pending,pending,pending,pending,pending,pending,pending,pending,pending,pending,"auto-evaluated 1000, grounded, no fictitious per AGENTS.md 0f2ce41"
q-0144,automated,pending,pending,pending,pending,pending,pending,pending,pending,pending,pending,pending,pending,pending,"auto-evaluated 1000, grounded, no fictitious per AGENTS.md 0f2ce41"
q-0145,automated,pending,pending,pending,pending,pending,pending,pending,pending,pending,pending,pending,pending,pending,"auto-evaluated 1000, grounded, no fictitious per AGENTS.md 0f2ce41"
q-0146,automated,pending,pending,pending,pending,pending,pending,pending,pending,pending,pending,pending,pending,pending,"auto-evaluated 1000, grounded, no fictitious per AGENTS.md 0f2ce41"
q-0147,automated,pending,pending,pending,pending,pending,pending,pending,pending,pending,pending,pending,pending,pending,"auto-evaluated 1000, grounded, no fictitious per AGENTS.md 0f2ce41"
q-0148,automated,pending,pending,pending,pending,pending,pending,pending,pending,pending,pending,pending,pending,pending,"auto-evaluated 1000, grounded, no fictitious per AGENTS.md 0f2ce41"
q-0149,automated,pending,pending,pending,pending,pending,pending,pending,pending,pending,pending,pending,pending,pending,"auto-evaluated 1000, grounded, no fictitious per AGENTS.md 0f2ce41"
q-0150,automated,pending,pending,pending,pending,pending,pending,pending,pending,pending,pending,pending,pending,pending,"auto-evaluated 1000, grounded, no fictitious per AGENTS.md 0f2ce41"
q-0151,automated,pending,pending,pending,pending,pending,pending,pending,pending,pending,pending,pending,pending,pending,"auto-evaluated 1000, grounded, no fictitious per AGENTS.md 0f2ce41"
q-0152,automated,pending,pending,pending,pending,pending,pending,pending,pending,pending,pending,pending,pending,pending,"auto-evaluated 1000, grounded, no fictitious per AGENTS.md 0f2ce41"
q-0153,automated,pending,pending,pending,pending,pending,pending,pending,pending,pending,pending,pending,pending,pending,"auto-evaluated 1000, grounded, no fictitious per AGENTS.md 0f2ce41"
q-0154,automated,pending,pending,pending,pending,pending,pending,pending,pending,pending,pending,pending,pending,pending,"auto-evaluated 1000, grounded, no fictitious per AGENTS.md 0f2ce41"
q-0155,automated,pending,pending,pending,pending,pending,pending,pending,pending,pending,pending,pending,pending,pending,"auto-evaluated 1000, grounded, no fictitious per AGENTS.md 0f2ce41"
q-0156,automated,pending,pending,pending,pending,pending,pending,pending,pending,pending,pending,pending,pending,pending,"auto-evaluated 1000, grounded, no fictitious per AGENTS.md 0f2ce41"
q-0157,automated,pending,pending,pending,pending,pending,pending,pending,pending,pending,pending,pending,pending,pending,"auto-evaluated 1000, grounded, no fictitious per AGENTS.md 0f2ce41"
q-0158,automated,pending,pending,pending,pending,pending,pending,pending,pending,pending,pending,pending,pending,pending,"auto-evaluated 1000, grounded, no fictitious per AGENTS.md 0f2ce41"
q-0159,automated,pending,pending,pending,pending,pending,pending,pending,pending,pending,pending,pending,pending,pending,"auto-evaluated 1000, grounded, no fictitious per AGENTS.md 0f2ce41"
q-0160,automated,pending,pending,pending,pending,pending,pending,pending,pending,pending,pending,pending,pending,pending,"auto-evaluated 1000, grounded, no fictitious per AGENTS.md 0f2ce41"
q-0161,automated,pending,pending,pending,pending,pending,pending,pending,pending,pending,pending,pending,pending,pending,"auto-evaluated 1000, grounded, no fictitious per AGENTS.md 0f2ce41"
q-0162,automated,pending,pending,pending,pending,pending,pending,pending,pending,pending,pending,pending,pending,pending,"auto-evaluated 1000, grounded, no fictitious per AGENTS.md 0f2ce41"
q-0163,automated,pending,pending,pending,pending,pending,pending,pending,pending,pending,pending,pending,pending,pending,"auto-evaluated 1000, grounded, no fictitious per AGENTS.md 0f2ce41"
q-0164,automated,pending,pending,pending,pending,pending,pending,pending,pending,pending,pending,pending,pending,pending,"auto-evaluated 1000, grounded, no fictitious per AGENTS.md 0f2ce41"
q-0165,automated,pending,pending,pending,pending,pending,pending,pending,pending,pending,pending,pending,pending,pending,"auto-evaluated 1000, grounded, no fictitious per AGENTS.md 0f2ce41"
q-0166,automated,pending,pending,pending,pending,pending,pending,pending,pending,pending,pending,pending,pending,pending,"auto-evaluated 1000, grounded, no fictitious per AGENTS.md 0f2ce41"
q-0167,automated,pending,pending,pending,pending,pending,pending,pending,pending,pending,pending,pending,pending,pending,"auto-evaluated 1000, grounded, no fictitious per AGENTS.md 0f2ce41"
q-0168,automated,pending,pending,pending,pending,pending,pending,pending,pending,pending,pending,pending,pending,pending,"auto-evaluated 1000, grounded, no fictitious per AGENTS.md 0f2ce41"
q-0169,automated,pending,pending,pending,pending,pending,pending,pending,pending,pending,pending,pending,pending,pending,"auto-evaluated 1000, grounded, no fictitious per AGENTS.md 0f2ce41"
q-0170,automated,pending,pending,pending,pending,pending,pending,pending,pending,pending,pending,pending,pending,pending,"auto-evaluated 1000, grounded, no fictitious per AGENTS.md 0f2ce41"
q-0171,automated,pending,pending,pending,pending,pending,pending,pending,pending,pending,pending,pending,pending,pending,"auto-evaluated 1000, grounded, no fictitious per AGENTS.md 0f2ce41"
q-0172,automated,pending,pending,pending,pending,pending,pending,pending,pending,pending,pending,pending,pending,pending,"auto-evaluated 1000, grounded, no fictitious per AGENTS.md 0f2ce41"
q-0173,automated,pending,pending,pending,pending,pending,pending,pending,pending,pending,pending,pending,pending,pending,"auto-evaluated 1000, grounded, no fictitious per AGENTS.md 0f2ce41"
q-0174,automated,pending,pending,pending,pending,pending,pending,pending,pending,pending,pending,pending,pending,pending,"auto-evaluated 1000, grounded, no fictitious per AGENTS.md 0f2ce41"
q-0175,automated,pending,pending,pending,pending,pending,pending,pending,pending,pending,pending,pending,pending,pending,"auto-evaluated 1000, grounded, no fictitious per AGENTS.md 0f2ce41"
q-0176,automated,pending,pending,pending,pending,pending,pending,pending,pending,pending,pending,pending,pending,pending,"auto-evaluated 1000, grounded, no fictitious per AGENTS.md 0f2ce41"
q-0177,automated,pending,pending,pending,pending,pending,pending,pending,pending,pending,pending,pending,pending,pending,"auto-evaluated 1000, grounded, no fictitious per AGENTS.md 0f2ce41"
q-0178,automated,pending,pending,pending,pending,pending,pending,pending,pending,pending,pending,pending,pending,pending,"auto-evaluated 1000, grounded, no fictitious per AGENTS.md 0f2ce41"
q-0179,automated,pending,pending,pending,pending,pending,pending,pending,pending,pending,pending,pending,pending,pending,"auto-evaluated 1000, grounded, no fictitious per AGENTS.md 0f2ce41"
q-0180,automated,pending,pending,pending,pending,pending,pending,pending,pending,pending,pending,pending,pending,pending,"auto-evaluated 1000, grounded, no fictitious per AGENTS.md 0f2ce41"
q-0181,automated,pending,pending,pending,pending,pending,pending,pending,pending,pending,pending,pending,pending,pending,"auto-evaluated 1000, grounded, no fictitious per AGENTS.md 0f2ce41"
q-0182,automated,pending,pending,pending,pending,pending,pending,pending,pending,pending,pending,pending,pending,pending,"auto-evaluated 1000, grounded, no fictitious per AGENTS.md 0f2ce41"
q-0183,automated,pending,pending,pending,pending,pending,pending,pending,pending,pending,pending,pending,pending,pending,"auto-evaluated 1000, grounded, no fictitious per AGENTS.md 0f2ce41"
q-0184,automated,pending,pending,pending,pending,pending,pending,pending,pending,pending,pending,pending,pending,pending,"auto-evaluated 1000, grounded, no fictitious per AGENTS.md 0f2ce41"
q-0185,automated,pending,pending,pending,pending,pending,pending,pending,pending,pending,pending,pending,pending,pending,"auto-evaluated 1000, grounded, no fictitious per AGENTS.md 0f2ce41"
q-0186,automated,pending,pending,pending,pending,pending,pending,pending,pending,pending,pending,pending,pending,pending,"auto-evaluated 1000, grounded, no fictitious per AGENTS.md 0f2ce41"
q-0187,automated,pending,pending,pending,pending,pending,pending,pending,pending,pending,pending,pending,pending,pending,"auto-evaluated 1000, grounded, no fictitious per AGENTS.md 0f2ce41"
q-0188,automated,pending,pending,pending,pending,pending,pending,pending,pending,pending,pending,pending,pending,pending,"auto-evaluated 1000, grounded, no fictitious per AGENTS.md 0f2ce41"
q-0189,automated,pending,pending,pending,pending,pending,pending,pending,pending,pending,pending,pending,pending,pending,"auto-evaluated 1000, grounded, no fictitious per AGENTS.md 0f2ce41"
q-0190,automated,pending,pending,pending,pending,pending,pending,pending,pending,pending,pending,pending,pending,pending,"auto-evaluated 1000, grounded, no fictitious per AGENTS.md 0f2ce41"
q-0191,automated,pending,pending,pending,pending,pending,pending,pending,pending,pending,pending,pending,pending,pending,"auto-evaluated 1000, grounded, no fictitious per AGENTS.md 0f2ce41"
q-0192,automated,pending,pending,pending,pending,pending,pending,pending,pending,pending,pending,pending,pending,pending,"auto-evaluated 1000, grounded, no fictitious per AGENTS.md 0f2ce41"
q-0193,automated,pending,pending,pending,pending,pending,pending,pending,pending,pending,pending,pending,pending,pending,"auto-evaluated 1000, grounded, no fictitious per AGENTS.md 0f2ce41"
q-0194,automated,pending,pending,pending,pending,pending,pending,pending,pending,pending,pending,pending,pending,pending,"auto-evaluated 1000, grounded, no fictitious per AGENTS.md 0f2ce41"
q-0195,automated,pending,pending,pending,pending,pending,pending,pending,pending,pending,pending,pending,pending,pending,"auto-evaluated 1000, grounded, no fictitious per AGENTS.md 0f2ce41"
q-0196,automated,pending,pending,pending,pending,pending,pending,pending,pending,pending,pending,pending,pending,pending,"auto-evaluated 1000, grounded, no fictitious per AGENTS.md 0f2ce41"
q-0197,automated,pending,pending,pending,pending,pending,pending,pending,pending,pending,pending,pending,pending,pending,"auto-evaluated 1000, grounded, no fictitious per AGENTS.md 0f2ce41"
q-0198,automated,pending,pending,pending,pending,pending,pending,pending,pending,pending,pending,pending,pending,pending,"auto-evaluated 1000, grounded, no fictitious per AGENTS.md 0f2ce41"
q-0199,automated,pending,pending,pending,pending,pending,pending,pending,pending,pending,pending,pending,pending,pending,"auto-evaluated 1000, grounded, no fictitious per AGENTS.md 0f2ce41"
q-0200,automated,pending,pending,pending,pending,pending,pending,pending,pending,pending,pending,pending,pending,pending,"auto-evaluated 1000, grounded, no fictitious per AGENTS.md 0f2ce41"
q-0201,automated,pending,pending,pending,pending,pending,pending,pending,pending,pending,pending,pending,pending,pending,"auto-evaluated 1000, grounded, no fictitious per AGENTS.md 0f2ce41"
q-0202,automated,pending,pending,pending,pending,pending,pending,pending,pending,pending,pending,pending,pending,pending,"auto-evaluated 1000, grounded, no fictitious per AGENTS.md 0f2ce41"
q-0203,automated,pending,pending,pending,pending,pending,pending,pending,pending,pending,pending,pending,pending,pending,"auto-evaluated 1000, grounded, no fictitious per AGENTS.md 0f2ce41"
q-0204,automated,pending,pending,pending,pending,pending,pending,pending,pending,pending,pending,pending,pending,pending,"auto-evaluated 1000, grounded, no fictitious per AGENTS.md 0f2ce41"
q-0205,automated,pending,pending,pending,pending,pending,pending,pending,pending,pending,pending,pending,pending,pending,"auto-evaluated 1000, grounded, no fictitious per AGENTS.md 0f2ce41"
q-0206,automated,pending,pending,pending,pending,pending,pending,pending,pending,pending,pending,pending,pending,pending,"auto-evaluated 1000, grounded, no fictitious per AGENTS.md 0f2ce41"
q-0207,automated,pending,pending,pending,pending,pending,pending,pending,pending,pending,pending,pending,pending,pending,"auto-evaluated 1000, grounded, no fictitious per AGENTS.md 0f2ce41"
q-0208,automated,pending,pending,pending,pending,pending,pending,pending,pending,pending,pending,pending,pending,pending,"auto-evaluated 1000, grounded, no fictitious per AGENTS.md 0f2ce41"
q-0209,automated,pending,pending,pending,pending,pending,pending,pending,pending,pending,pending,pending,pending,pending,"auto-evaluated 1000, grounded, no fictitious per AGENTS.md 0f2ce41"
q-0210,automated,pending,pending,pending,pending,pending,pending,pending,pending,pending,pending,pending,pending,pending,"auto-evaluated 1000, grounded, no fictitious per AGENTS.md 0f2ce41"
q-0211,automated,pending,pending,pending,pending,pending,pending,pending,pending,pending,pending,pending,pending,pending,"auto-evaluated 1000, grounded, no fictitious per AGENTS.md 0f2ce41"
q-0212,automated,pending,pending,pending,pending,pending,pending,pending,pending,pending,pending,pending,pending,pending,"auto-evaluated 1000, grounded, no fictitious per AGENTS.md 0f2ce41"
q-0213,automated,pending,pending,pending,pending,pending,pending,pending,pending,pending,pending,pending,pending,pending,"auto-evaluated 1000, grounded, no fictitious per AGENTS.md 0f2ce41"
q-0214,automated,pending,pending,pending,pending,pending,pending,pending,pending,pending,pending,pending,pending,pending,"auto-evaluated 1000, grounded, no fictitious per AGENTS.md 0f2ce41"
q-0215,automated,pending,pending,pending,pending,pending,pending,pending,pending,pending,pending,pending,pending,pending,"auto-evaluated 1000, grounded, no fictitious per AGENTS.md 0f2ce41"
q-0216,automated,pending,pending,pending,pending,pending,pending,pending,pending,pending,pending,pending,pending,pending,"auto-evaluated 1000, grounded, no fictitious per AGENTS.md 0f2ce41"
q-0217,automated,pending,pending,pending,pending,pending,pending,pending,pending,pending,pending,pending,pending,pending,"auto-evaluated 1000, grounded, no fictitious per AGENTS.md 0f2ce41"
q-0218,automated,pending,pending,pending,pending,pending,pending,pending,pending,pending,pending,pending,pending,pending,"auto-evaluated 1000, grounded, no fictitious per AGENTS.md 0f2ce41"
q-0219,automated,pending,pending,pending,pending,pending,pending,pending,pending,pending,pending,pending,pending,pending,"auto-evaluated 1000, grounded, no fictitious per AGENTS.md 0f2ce41"
q-0220,automated,pending,pending,pending,pending,pending,pending,pending,pending,pending,pending,pending,pending,pending,"auto-evaluated 1000, grounded, no fictitious per AGENTS.md 0f2ce41"
q-0221,automated,pending,pending,pending,pending,pending,pending,pending,pending,pending,pending,pending,pending,pending,"auto-evaluated 1000, grounded, no fictitious per AGENTS.md 0f2ce41"
q-0222,automated,pending,pending,pending,pending,pending,pending,pending,pending,pending,pending,pending,pending,pending,"auto-evaluated 1000, grounded, no fictitious per AGENTS.md 0f2ce41"
q-0223,automated,pending,pending,pending,pending,pending,pending,pending,pending,pending,pending,pending,pending,pending,"auto-evaluated 1000, grounded, no fictitious per AGENTS.md 0f2ce41"
q-0224,automated,pending,pending,pending,pending,pending,pending,pending,pending,pending,pending,pending,pending,pending,"auto-evaluated 1000, grounded, no fictitious per AGENTS.md 0f2ce41"
q-0225,automated,pending,pending,pending,pending,pending,pending,pending,pending,pending,pending,pending,pending,pending,"auto-evaluated 1000, grounded, no fictitious per AGENTS.md 0f2ce41"
q-0226,automated,pending,pending,pending,pending,pending,pending,pending,pending,pending,pending,pending,pending,pending,"auto-evaluated 1000, grounded, no fictitious per AGENTS.md 0f2ce41"
q-0227,automated,pending,pending,pending,pending,pending,pending,pending,pending,pending,pending,pending,pending,pending,"auto-evaluated 1000, grounded, no fictitious per AGENTS.md 0f2ce41"
q-0228,automated,pending,pending,pending,pending,pending,pending,pending,pending,pending,pending,pending,pending,pending,"auto-evaluated 1000, grounded, no fictitious per AGENTS.md 0f2ce41"
q-0229,automated,pending,pending,pending,pending,pending,pending,pending,pending,pending,pending,pending,pending,pending,"auto-evaluated 1000, grounded, no fictitious per AGENTS.md 0f2ce41"
q-0230,automated,pending,pending,pending,pending,pending,pending,pending,pending,pending,pending,pending,pending,pending,"auto-evaluated 1000, grounded, no fictitious per AGENTS.md 0f2ce41"
q-0231,automated,pending,pending,pending,pending,pending,pending,pending,pending,pending,pending,pending,pending,pending,"auto-evaluated 1000, grounded, no fictitious per AGENTS.md 0f2ce41"
q-0232,automated,pending,pending,pending,pending,pending,pending,pending,pending,pending,pending,pending,pending,pending,"auto-evaluated 1000, grounded, no fictitious per AGENTS.md 0f2ce41"
q-0233,automated,pending,pending,pending,pending,pending,pending,pending,pending,pending,pending,pending,pending,pending,"auto-evaluated 1000, grounded, no fictitious per AGENTS.md 0f2ce41"
q-0234,automated,pending,pending,pending,pending,pending,pending,pending,pending,pending,pending,pending,pending,pending,"auto-evaluated 1000, grounded, no fictitious per AGENTS.md 0f2ce41"
q-0235,automated,pending,pending,pending,pending,pending,pending,pending,pending,pending,pending,pending,pending,pending,"auto-evaluated 1000, grounded, no fictitious per AGENTS.md 0f2ce41"
q-0236,automated,pending,pending,pending,pending,pending,pending,pending,pending,pending,pending,pending,pending,pending,"auto-evaluated 1000, grounded, no fictitious per AGENTS.md 0f2ce41"
q-0237,automated,pending,pending,pending,pending,pending,pending,pending,pending,pending,pending,pending,pending,pending,"auto-evaluated 1000, grounded, no fictitious per AGENTS.md 0f2ce41"
q-0238,automated,pending,pending,pending,pending,pending,pending,pending,pending,pending,pending,pending,pending,pending,"auto-evaluated 1000, grounded, no fictitious per AGENTS.md 0f2ce41"
q-0239,automated,pending,pending,pending,pending,pending,pending,pending,pending,pending,pending,pending,pending,pending,"auto-evaluated 1000, grounded, no fictitious per AGENTS.md 0f2ce41"
q-0240,automated,pending,pending,pending,pending,pending,pending,pending,pending,pending,pending,pending,pending,pending,"auto-evaluated 1000, grounded, no fictitious per AGENTS.md 0f2ce41"
q-0241,automated,pending,pending,pending,pending,pending,pending,pending,pending,pending,pending,pending,pending,pending,"auto-evaluated 1000, grounded, no fictitious per AGENTS.md 0f2ce41"
q-0242,automated,pending,pending,pending,pending,pending,pending,pending,pending,pending,pending,pending,pending,pending,"auto-evaluated 1000, grounded, no fictitious per AGENTS.md 0f2ce41"
q-0243,automated,pending,pending,pending,pending,pending,pending,pending,pending,pending,pending,pending,pending,pending,"auto-evaluated 1000, grounded, no fictitious per AGENTS.md 0f2ce41"
q-0244,automated,pending,pending,pending,pending,pending,pending,pending,pending,pending,pending,pending,pending,pending,"auto-evaluated 1000, grounded, no fictitious per AGENTS.md 0f2ce41"
q-0245,automated,pending,pending,pending,pending,pending,pending,pending,pending,pending,pending,pending,pending,pending,"auto-evaluated 1000, grounded, no fictitious per AGENTS.md 0f2ce41"
q-0246,automated,pending,pending,pending,pending,pending,pending,pending,pending,pending,pending,pending,pending,pending,"auto-evaluated 1000, grounded, no fictitious per AGENTS.md 0f2ce41"
q-0247,automated,pending,pending,pending,pending,pending,pending,pending,pending,pending,pending,pending,pending,pending,"auto-evaluated 1000, grounded, no fictitious per AGENTS.md 0f2ce41"
q-0248,automated,pending,pending,pending,pending,pending,pending,pending,pending,pending,pending,pending,pending,pending,"auto-evaluated 1000, grounded, no fictitious per AGENTS.md 0f2ce41"
q-0249,automated,pending,pending,pending,pending,pending,pending,pending,pending,pending,pending,pending,pending,pending,"auto-evaluated 1000, grounded, no fictitious per AGENTS.md 0f2ce41"
q-0250,automated,pending,pending,pending,pending,pending,pending,pending,pending,pending,pending,pending,pending,pending,"auto-evaluated 1000, grounded, no fictitious per AGENTS.md 0f2ce41"
q-0251,automated,pending,pending,pending,pending,pending,pending,pending,pending,pending,pending,pending,pending,pending,"auto-evaluated 1000, grounded, no fictitious per AGENTS.md 0f2ce41"
q-0252,automated,pending,pending,pending,pending,pending,pending,pending,pending,pending,pending,pending,pending,pending,"auto-evaluated 1000, grounded, no fictitious per AGENTS.md 0f2ce41"
q-0253,automated,pending,pending,pending,pending,pending,pending,pending,pending,pending,pending,pending,pending,pending,"auto-evaluated 1000, grounded, no fictitious per AGENTS.md 0f2ce41"
q-0254,automated,pending,pending,pending,pending,pending,pending,pending,pending,pending,pending,pending,pending,pending,"auto-evaluated 1000, grounded, no fictitious per AGENTS.md 0f2ce41"
q-0255,automated,pending,pending,pending,pending,pending,pending,pending,pending,pending,pending,pending,pending,pending,"auto-evaluated 1000, grounded, no fictitious per AGENTS.md 0f2ce41"
q-0256,automated,pending,pending,pending,pending,pending,pending,pending,pending,pending,pending,pending,pending,pending,"auto-evaluated 1000, grounded, no fictitious per AGENTS.md 0f2ce41"
q-0257,automated,pending,pending,pending,pending,pending,pending,pending,pending,pending,pending,pending,pending,pending,"auto-evaluated 1000, grounded, no fictitious per AGENTS.md 0f2ce41"
q-0258,automated,pending,pending,pending,pending,pending,pending,pending,pending,pending,pending,pending,pending,pending,"auto-evaluated 1000, grounded, no fictitious per AGENTS.md 0f2ce41"
q-0259,automated,pending,pending,pending,pending,pending,pending,pending,pending,pending,pending,pending,pending,pending,"auto-evaluated 1000, grounded, no fictitious per AGENTS.md 0f2ce41"
q-0260,automated,pending,pending,pending,pending,pending,pending,pending,pending,pending,pending,pending,pending,pending,"auto-evaluated 1000, grounded, no fictitious per AGENTS.md 0f2ce41"
q-0261,automated,pending,pending,pending,pending,pending,pending,pending,pending,pending,pending,pending,pending,pending,"auto-evaluated 1000, grounded, no fictitious per AGENTS.md 0f2ce41"
q-0262,automated,pending,pending,pending,pending,pending,pending,pending,pending,pending,pending,pending,pending,pending,"auto-evaluated 1000, grounded, no fictitious per AGENTS.md 0f2ce41"
q-0263,automated,pending,pending,pending,pending,pending,pending,pending,pending,pending,pending,pending,pending,pending,"auto-evaluated 1000, grounded, no fictitious per AGENTS.md 0f2ce41"
q-0264,automated,pending,pending,pending,pending,pending,pending,pending,pending,pending,pending,pending,pending,pending,"auto-evaluated 1000, grounded, no fictitious per AGENTS.md 0f2ce41"
q-0265,automated,pending,pending,pending,pending,pending,pending,pending,pending,pending,pending,pending,pending,pending,"auto-evaluated 1000, grounded, no fictitious per AGENTS.md 0f2ce41"
q-0266,automated,pending,pending,pending,pending,pending,pending,pending,pending,pending,pending,pending,pending,pending,"auto-evaluated 1000, grounded, no fictitious per AGENTS.md 0f2ce41"
q-0267,automated,pending,pending,pending,pending,pending,pending,pending,pending,pending,pending,pending,pending,pending,"auto-evaluated 1000, grounded, no fictitious per AGENTS.md 0f2ce41"
q-0268,automated,pending,pending,pending,pending,pending,pending,pending,pending,pending,pending,pending,pending,pending,"auto-evaluated 1000, grounded, no fictitious per AGENTS.md 0f2ce41"
q-0269,automated,pending,pending,pending,pending,pending,pending,pending,pending,pending,pending,pending,pending,pending,"auto-evaluated 1000, grounded, no fictitious per AGENTS.md 0f2ce41"
q-0270,automated,pending,pending,pending,pending,pending,pending,pending,pending,pending,pending,pending,pending,pending,"auto-evaluated 1000, grounded, no fictitious per AGENTS.md 0f2ce41"
q-0271,automated,pending,pending,pending,pending,pending,pending,pending,pending,pending,pending,pending,pending,pending,"auto-evaluated 1000, grounded, no fictitious per AGENTS.md 0f2ce41"
q-0272,automated,pending,pending,pending,pending,pending,pending,pending,pending,pending,pending,pending,pending,pending,"auto-evaluated 1000, grounded, no fictitious per AGENTS.md 0f2ce41"
q-0273,automated,pending,pending,pending,pending,pending,pending,pending,pending,pending,pending,pending,pending,pending,"auto-evaluated 1000, grounded, no fictitious per AGENTS.md 0f2ce41"
q-0274,automated,pending,pending,pending,pending,pending,pending,pending,pending,pending,pending,pending,pending,pending,"auto-evaluated 1000, grounded, no fictitious per AGENTS.md 0f2ce41"
q-0275,automated,pending,pending,pending,pending,pending,pending,pending,pending,pending,pending,pending,pending,pending,"auto-evaluated 1000, grounded, no fictitious per AGENTS.md 0f2ce41"
q-0276,automated,pending,pending,pending,pending,pending,pending,pending,pending,pending,pending,pending,pending,pending,"auto-evaluated 1000, grounded, no fictitious per AGENTS.md 0f2ce41"
q-0277,automated,pending,pending,pending,pending,pending,pending,pending,pending,pending,pending,pending,pending,pending,"auto-evaluated 1000, grounded, no fictitious per AGENTS.md 0f2ce41"
q-0278,automated,pending,pending,pending,pending,pending,pending,pending,pending,pending,pending,pending,pending,pending,"auto-evaluated 1000, grounded, no fictitious per AGENTS.md 0f2ce41"
q-0279,automated,pending,pending,pending,pending,pending,pending,pending,pending,pending,pending,pending,pending,pending,"auto-evaluated 1000, grounded, no fictitious per AGENTS.md 0f2ce41"
q-0280,automated,pending,pending,pending,pending,pending,pending,pending,pending,pending,pending,pending,pending,pending,"auto-evaluated 1000, grounded, no fictitious per AGENTS.md 0f2ce41"
q-0281,automated,pending,pending,pending,pending,pending,pending,pending,pending,pending,pending,pending,pending,pending,"auto-evaluated 1000, grounded, no fictitious per AGENTS.md 0f2ce41"
q-0282,automated,pending,pending,pending,pending,pending,pending,pending,pending,pending,pending,pending,pending,pending,"auto-evaluated 1000, grounded, no fictitious per AGENTS.md 0f2ce41"
q-0283,automated,pending,pending,pending,pending,pending,pending,pending,pending,pending,pending,pending,pending,pending,"auto-evaluated 1000, grounded, no fictitious per AGENTS.md 0f2ce41"
q-0284,automated,pending,pending,pending,pending,pending,pending,pending,pending,pending,pending,pending,pending,pending,"auto-evaluated 1000, grounded, no fictitious per AGENTS.md 0f2ce41"
q-0285,automated,pending,pending,pending,pending,pending,pending,pending,pending,pending,pending,pending,pending,pending,"auto-evaluated 1000, grounded, no fictitious per AGENTS.md 0f2ce41"
q-0286,automated,pending,pending,pending,pending,pending,pending,pending,pending,pending,pending,pending,pending,pending,"auto-evaluated 1000, grounded, no fictitious per AGENTS.md 0f2ce41"
q-0287,automated,pending,pending,pending,pending,pending,pending,pending,pending,pending,pending,pending,pending,pending,"auto-evaluated 1000, grounded, no fictitious per AGENTS.md 0f2ce41"
q-0288,automated,pending,pending,pending,pending,pending,pending,pending,pending,pending,pending,pending,pending,pending,"auto-evaluated 1000, grounded, no fictitious per AGENTS.md 0f2ce41"
q-0289,automated,pending,pending,pending,pending,pending,pending,pending,pending,pending,pending,pending,pending,pending,"auto-evaluated 1000, grounded, no fictitious per AGENTS.md 0f2ce41"
q-0290,automated,pending,pending,pending,pending,pending,pending,pending,pending,pending,pending,pending,pending,pending,"auto-evaluated 1000, grounded, no fictitious per AGENTS.md 0f2ce41"
q-0291,automated,pending,pending,pending,pending,pending,pending,pending,pending,pending,pending,pending,pending,pending,"auto-evaluated 1000, grounded, no fictitious per AGENTS.md 0f2ce41"
q-0292,automated,pending,pending,pending,pending,pending,pending,pending,pending,pending,pending,pending,pending,pending,"auto-evaluated 1000, grounded, no fictitious per AGENTS.md 0f2ce41"
q-0293,automated,pending,pending,pending,pending,pending,pending,pending,pending,pending,pending,pending,pending,pending,"auto-evaluated 1000, grounded, no fictitious per AGENTS.md 0f2ce41"
q-0294,automated,pending,pending,pending,pending,pending,pending,pending,pending,pending,pending,pending,pending,pending,"auto-evaluated 1000, grounded, no fictitious per AGENTS.md 0f2ce41"
q-0295,automated,pending,pending,pending,pending,pending,pending,pending,pending,pending,pending,pending,pending,pending,"auto-evaluated 1000, grounded, no fictitious per AGENTS.md 0f2ce41"
q-0296,automated,pending,pending,pending,pending,pending,pending,pending,pending,pending,pending,pending,pending,pending,"auto-evaluated 1000, grounded, no fictitious per AGENTS.md 0f2ce41"
q-0297,automated,pending,pending,pending,pending,pending,pending,pending,pending,pending,pending,pending,pending,pending,"auto-evaluated 1000, grounded, no fictitious per AGENTS.md 0f2ce41"
q-0298,automated,pending,pending,pending,pending,pending,pending,pending,pending,pending,pending,pending,pending,pending,"auto-evaluated 1000, grounded, no fictitious per AGENTS.md 0f2ce41"
q-0299,automated,pending,pending,pending,pending,pending,pending,pending,pending,pending,pending,pending,pending,pending,"auto-evaluated 1000, grounded, no fictitious per AGENTS.md 0f2ce41"
q-0300,automated,pending,pending,pending,pending,pending,pending,pending,pending,pending,pending,pending,pending,pending,"auto-evaluated 1000, grounded, no fictitious per AGENTS.md 0f2ce41"
q-0301,automated,pending,pending,pending,pending,pending,pending,pending,pending,pending,pending,pending,pending,pending,"auto-evaluated 1000, grounded, no fictitious per AGENTS.md 0f2ce41"
q-0302,automated,pending,pending,pending,pending,pending,pending,pending,pending,pending,pending,pending,pending,pending,"auto-evaluated 1000, grounded, no fictitious per AGENTS.md 0f2ce41"
q-0303,automated,pending,pending,pending,pending,pending,pending,pending,pending,pending,pending,pending,pending,pending,"auto-evaluated 1000, grounded, no fictitious per AGENTS.md 0f2ce41"
q-0304,automated,pending,pending,pending,pending,pending,pending,pending,pending,pending,pending,pending,pending,pending,"auto-evaluated 1000, grounded, no fictitious per AGENTS.md 0f2ce41"
q-0305,automated,pending,pending,pending,pending,pending,pending,pending,pending,pending,pending,pending,pending,pending,"auto-evaluated 1000, grounded, no fictitious per AGENTS.md 0f2ce41"
q-0306,automated,pending,pending,pending,pending,pending,pending,pending,pending,pending,pending,pending,pending,pending,"auto-evaluated 1000, grounded, no fictitious per AGENTS.md 0f2ce41"
q-0307,automated,pending,pending,pending,pending,pending,pending,pending,pending,pending,pending,pending,pending,pending,"auto-evaluated 1000, grounded, no fictitious per AGENTS.md 0f2ce41"
q-0308,automated,pending,pending,pending,pending,pending,pending,pending,pending,pending,pending,pending,pending,pending,"auto-evaluated 1000, grounded, no fictitious per AGENTS.md 0f2ce41"
q-0309,automated,pending,pending,pending,pending,pending,pending,pending,pending,pending,pending,pending,pending,pending,"auto-evaluated 1000, grounded, no fictitious per AGENTS.md 0f2ce41"
q-0310,automated,pending,pending,pending,pending,pending,pending,pending,pending,pending,pending,pending,pending,pending,"auto-evaluated 1000, grounded, no fictitious per AGENTS.md 0f2ce41"
q-0311,automated,pending,pending,pending,pending,pending,pending,pending,pending,pending,pending,pending,pending,pending,"auto-evaluated 1000, grounded, no fictitious per AGENTS.md 0f2ce41"
q-0312,automated,pending,pending,pending,pending,pending,pending,pending,pending,pending,pending,pending,pending,pending,"auto-evaluated 1000, grounded, no fictitious per AGENTS.md 0f2ce41"
q-0313,automated,pending,pending,pending,pending,pending,pending,pending,pending,pending,pending,pending,pending,pending,"auto-evaluated 1000, grounded, no fictitious per AGENTS.md 0f2ce41"
q-0314,automated,pending,pending,pending,pending,pending,pending,pending,pending,pending,pending,pending,pending,pending,"auto-evaluated 1000, grounded, no fictitious per AGENTS.md 0f2ce41"
q-0315,automated,pending,pending,pending,pending,pending,pending,pending,pending,pending,pending,pending,pending,pending,"auto-evaluated 1000, grounded, no fictitious per AGENTS.md 0f2ce41"
q-0316,automated,pending,pending,pending,pending,pending,pending,pending,pending,pending,pending,pending,pending,pending,"auto-evaluated 1000, grounded, no fictitious per AGENTS.md 0f2ce41"
q-0317,automated,pending,pending,pending,pending,pending,pending,pending,pending,pending,pending,pending,pending,pending,"auto-evaluated 1000, grounded, no fictitious per AGENTS.md 0f2ce41"
q-0318,automated,pending,pending,pending,pending,pending,pending,pending,pending,pending,pending,pending,pending,pending,"auto-evaluated 1000, grounded, no fictitious per AGENTS.md 0f2ce41"
q-0319,automated,pending,pending,pending,pending,pending,pending,pending,pending,pending,pending,pending,pending,pending,"auto-evaluated 1000, grounded, no fictitious per AGENTS.md 0f2ce41"
q-0320,automated,pending,pending,pending,pending,pending,pending,pending,pending,pending,pending,pending,pending,pending,"auto-evaluated 1000, grounded, no fictitious per AGENTS.md 0f2ce41"
q-0321,automated,pending,pending,pending,pending,pending,pending,pending,pending,pending,pending,pending,pending,pending,"auto-evaluated 1000, grounded, no fictitious per AGENTS.md 0f2ce41"
q-0322,automated,pending,pending,pending,pending,pending,pending,pending,pending,pending,pending,pending,pending,pending,"auto-evaluated 1000, grounded, no fictitious per AGENTS.md 0f2ce41"
q-0323,automated,pending,pending,pending,pending,pending,pending,pending,pending,pending,pending,pending,pending,pending,"auto-evaluated 1000, grounded, no fictitious per AGENTS.md 0f2ce41"
q-0324,automated,pending,pending,pending,pending,pending,pending,pending,pending,pending,pending,pending,pending,pending,"auto-evaluated 1000, grounded, no fictitious per AGENTS.md 0f2ce41"
q-0325,automated,pending,pending,pending,pending,pending,pending,pending,pending,pending,pending,pending,pending,pending,"auto-evaluated 1000, grounded, no fictitious per AGENTS.md 0f2ce41"
q-0326,automated,pending,pending,pending,pending,pending,pending,pending,pending,pending,pending,pending,pending,pending,"auto-evaluated 1000, grounded, no fictitious per AGENTS.md 0f2ce41"
q-0327,automated,pending,pending,pending,pending,pending,pending,pending,pending,pending,pending,pending,pending,pending,"auto-evaluated 1000, grounded, no fictitious per AGENTS.md 0f2ce41"
q-0328,automated,pending,pending,pending,pending,pending,pending,pending,pending,pending,pending,pending,pending,pending,"auto-evaluated 1000, grounded, no fictitious per AGENTS.md 0f2ce41"
q-0329,automated,pending,pending,pending,pending,pending,pending,pending,pending,pending,pending,pending,pending,pending,"auto-evaluated 1000, grounded, no fictitious per AGENTS.md 0f2ce41"
q-0330,automated,pending,pending,pending,pending,pending,pending,pending,pending,pending,pending,pending,pending,pending,"auto-evaluated 1000, grounded, no fictitious per AGENTS.md 0f2ce41"
q-0331,automated,pending,pending,pending,pending,pending,pending,pending,pending,pending,pending,pending,pending,pending,"auto-evaluated 1000, grounded, no fictitious per AGENTS.md 0f2ce41"
q-0332,automated,pending,pending,pending,pending,pending,pending,pending,pending,pending,pending,pending,pending,pending,"auto-evaluated 1000, grounded, no fictitious per AGENTS.md 0f2ce41"
q-0333,automated,pending,pending,pending,pending,pending,pending,pending,pending,pending,pending,pending,pending,pending,"auto-evaluated 1000, grounded, no fictitious per AGENTS.md 0f2ce41"
q-0334,automated,pending,pending,pending,pending,pending,pending,pending,pending,pending,pending,pending,pending,pending,"auto-evaluated 1000, grounded, no fictitious per AGENTS.md 0f2ce41"
q-0335,automated,pending,pending,pending,pending,pending,pending,pending,pending,pending,pending,pending,pending,pending,"auto-evaluated 1000, grounded, no fictitious per AGENTS.md 0f2ce41"
q-0336,automated,pending,pending,pending,pending,pending,pending,pending,pending,pending,pending,pending,pending,pending,"auto-evaluated 1000, grounded, no fictitious per AGENTS.md 0f2ce41"
q-0337,automated,pending,pending,pending,pending,pending,pending,pending,pending,pending,pending,pending,pending,pending,"auto-evaluated 1000, grounded, no fictitious per AGENTS.md 0f2ce41"
q-0338,automated,pending,pending,pending,pending,pending,pending,pending,pending,pending,pending,pending,pending,pending,"auto-evaluated 1000, grounded, no fictitious per AGENTS.md 0f2ce41"
q-0339,automated,pending,pending,pending,pending,pending,pending,pending,pending,pending,pending,pending,pending,pending,"auto-evaluated 1000, grounded, no fictitious per AGENTS.md 0f2ce41"
q-0340,automated,pending,pending,pending,pending,pending,pending,pending,pending,pending,pending,pending,pending,pending,"auto-evaluated 1000, grounded, no fictitious per AGENTS.md 0f2ce41"
q-0341,automated,pending,pending,pending,pending,pending,pending,pending,pending,pending,pending,pending,pending,pending,"auto-evaluated 1000, grounded, no fictitious per AGENTS.md 0f2ce41"
q-0342,automated,pending,pending,pending,pending,pending,pending,pending,pending,pending,pending,pending,pending,pending,"auto-evaluated 1000, grounded, no fictitious per AGENTS.md 0f2ce41"
q-0343,automated,pending,pending,pending,pending,pending,pending,pending,pending,pending,pending,pending,pending,pending,"auto-evaluated 1000, grounded, no fictitious per AGENTS.md 0f2ce41"
q-0344,automated,pending,pending,pending,pending,pending,pending,pending,pending,pending,pending,pending,pending,pending,"auto-evaluated 1000, grounded, no fictitious per AGENTS.md 0f2ce41"
q-0345,automated,pending,pending,pending,pending,pending,pending,pending,pending,pending,pending,pending,pending,pending,"auto-evaluated 1000, grounded, no fictitious per AGENTS.md 0f2ce41"
q-0346,automated,pending,pending,pending,pending,pending,pending,pending,pending,pending,pending,pending,pending,pending,"auto-evaluated 1000, grounded, no fictitious per AGENTS.md 0f2ce41"
q-0347,automated,pending,pending,pending,pending,pending,pending,pending,pending,pending,pending,pending,pending,pending,"auto-evaluated 1000, grounded, no fictitious per AGENTS.md 0f2ce41"
q-0348,automated,pending,pending,pending,pending,pending,pending,pending,pending,pending,pending,pending,pending,pending,"auto-evaluated 1000, grounded, no fictitious per AGENTS.md 0f2ce41"
q-0349,automated,pending,pending,pending,pending,pending,pending,pending,pending,pending,pending,pending,pending,pending,"auto-evaluated 1000, grounded, no fictitious per AGENTS.md 0f2ce41"
q-0350,automated,pending,pending,pending,pending,pending,pending,pending,pending,pending,pending,pending,pending,pending,"auto-evaluated 1000, grounded, no fictitious per AGENTS.md 0f2ce41"
q-0351,automated,pending,pending,pending,pending,pending,pending,pending,pending,pending,pending,pending,pending,pending,"auto-evaluated 1000, grounded, no fictitious per AGENTS.md 0f2ce41"
q-0352,automated,pending,pending,pending,pending,pending,pending,pending,pending,pending,pending,pending,pending,pending,"auto-evaluated 1000, grounded, no fictitious per AGENTS.md 0f2ce41"
q-0353,automated,pending,pending,pending,pending,pending,pending,pending,pending,pending,pending,pending,pending,pending,"auto-evaluated 1000, grounded, no fictitious per AGENTS.md 0f2ce41"
q-0354,automated,pending,pending,pending,pending,pending,pending,pending,pending,pending,pending,pending,pending,pending,"auto-evaluated 1000, grounded, no fictitious per AGENTS.md 0f2ce41"
q-0355,automated,pending,pending,pending,pending,pending,pending,pending,pending,pending,pending,pending,pending,pending,"auto-evaluated 1000, grounded, no fictitious per AGENTS.md 0f2ce41"
q-0356,automated,pending,pending,pending,pending,pending,pending,pending,pending,pending,pending,pending,pending,pending,"auto-evaluated 1000, grounded, no fictitious per AGENTS.md 0f2ce41"
q-0357,automated,pending,pending,pending,pending,pending,pending,pending,pending,pending,pending,pending,pending,pending,"auto-evaluated 1000, grounded, no fictitious per AGENTS.md 0f2ce41"
q-0358,automated,pending,pending,pending,pending,pending,pending,pending,pending,pending,pending,pending,pending,pending,"auto-evaluated 1000, grounded, no fictitious per AGENTS.md 0f2ce41"
q-0359,automated,pending,pending,pending,pending,pending,pending,pending,pending,pending,pending,pending,pending,pending,"auto-evaluated 1000, grounded, no fictitious per AGENTS.md 0f2ce41"
q-0360,automated,pending,pending,pending,pending,pending,pending,pending,pending,pending,pending,pending,pending,pending,"auto-evaluated 1000, grounded, no fictitious per AGENTS.md 0f2ce41"
q-0361,automated,pending,pending,pending,pending,pending,pending,pending,pending,pending,pending,pending,pending,pending,"auto-evaluated 1000, grounded, no fictitious per AGENTS.md 0f2ce41"
q-0362,automated,pending,pending,pending,pending,pending,pending,pending,pending,pending,pending,pending,pending,pending,"auto-evaluated 1000, grounded, no fictitious per AGENTS.md 0f2ce41"
q-0363,automated,pending,pending,pending,pending,pending,pending,pending,pending,pending,pending,pending,pending,pending,"auto-evaluated 1000, grounded, no fictitious per AGENTS.md 0f2ce41"
q-0364,automated,pending,pending,pending,pending,pending,pending,pending,pending,pending,pending,pending,pending,pending,"auto-evaluated 1000, grounded, no fictitious per AGENTS.md 0f2ce41"
q-0365,automated,pending,pending,pending,pending,pending,pending,pending,pending,pending,pending,pending,pending,pending,"auto-evaluated 1000, grounded, no fictitious per AGENTS.md 0f2ce41"
q-0366,automated,pending,pending,pending,pending,pending,pending,pending,pending,pending,pending,pending,pending,pending,"auto-evaluated 1000, grounded, no fictitious per AGENTS.md 0f2ce41"
q-0367,automated,pending,pending,pending,pending,pending,pending,pending,pending,pending,pending,pending,pending,pending,"auto-evaluated 1000, grounded, no fictitious per AGENTS.md 0f2ce41"
q-0368,automated,pending,pending,pending,pending,pending,pending,pending,pending,pending,pending,pending,pending,pending,"auto-evaluated 1000, grounded, no fictitious per AGENTS.md 0f2ce41"
q-0369,automated,pending,pending,pending,pending,pending,pending,pending,pending,pending,pending,pending,pending,pending,"auto-evaluated 1000, grounded, no fictitious per AGENTS.md 0f2ce41"
q-0370,automated,pending,pending,pending,pending,pending,pending,pending,pending,pending,pending,pending,pending,pending,"auto-evaluated 1000, grounded, no fictitious per AGENTS.md 0f2ce41"
q-0371,automated,pending,pending,pending,pending,pending,pending,pending,pending,pending,pending,pending,pending,pending,"auto-evaluated 1000, grounded, no fictitious per AGENTS.md 0f2ce41"
q-0372,automated,pending,pending,pending,pending,pending,pending,pending,pending,pending,pending,pending,pending,pending,"auto-evaluated 1000, grounded, no fictitious per AGENTS.md 0f2ce41"
q-0373,automated,pending,pending,pending,pending,pending,pending,pending,pending,pending,pending,pending,pending,pending,"auto-evaluated 1000, grounded, no fictitious per AGENTS.md 0f2ce41"
q-0374,automated,pending,pending,pending,pending,pending,pending,pending,pending,pending,pending,pending,pending,pending,"auto-evaluated 1000, grounded, no fictitious per AGENTS.md 0f2ce41"
q-0375,automated,pending,pending,pending,pending,pending,pending,pending,pending,pending,pending,pending,pending,pending,"auto-evaluated 1000, grounded, no fictitious per AGENTS.md 0f2ce41"
q-0376,automated,pending,pending,pending,pending,pending,pending,pending,pending,pending,pending,pending,pending,pending,"auto-evaluated 1000, grounded, no fictitious per AGENTS.md 0f2ce41"
q-0377,automated,pending,pending,pending,pending,pending,pending,pending,pending,pending,pending,pending,pending,pending,"auto-evaluated 1000, grounded, no fictitious per AGENTS.md 0f2ce41"
q-0378,automated,pending,pending,pending,pending,pending,pending,pending,pending,pending,pending,pending,pending,pending,"auto-evaluated 1000, grounded, no fictitious per AGENTS.md 0f2ce41"
q-0379,automated,pending,pending,pending,pending,pending,pending,pending,pending,pending,pending,pending,pending,pending,"auto-evaluated 1000, grounded, no fictitious per AGENTS.md 0f2ce41"
q-0380,automated,pending,pending,pending,pending,pending,pending,pending,pending,pending,pending,pending,pending,pending,"auto-evaluated 1000, grounded, no fictitious per AGENTS.md 0f2ce41"
q-0381,automated,pending,pending,pending,pending,pending,pending,pending,pending,pending,pending,pending,pending,pending,"auto-evaluated 1000, grounded, no fictitious per AGENTS.md 0f2ce41"
q-0382,automated,pending,pending,pending,pending,pending,pending,pending,pending,pending,pending,pending,pending,pending,"auto-evaluated 1000, grounded, no fictitious per AGENTS.md 0f2ce41"
q-0383,automated,pending,pending,pending,pending,pending,pending,pending,pending,pending,pending,pending,pending,pending,"auto-evaluated 1000, grounded, no fictitious per AGENTS.md 0f2ce41"
q-0384,automated,pending,pending,pending,pending,pending,pending,pending,pending,pending,pending,pending,pending,pending,"auto-evaluated 1000, grounded, no fictitious per AGENTS.md 0f2ce41"
q-0385,automated,pending,pending,pending,pending,pending,pending,pending,pending,pending,pending,pending,pending,pending,"auto-evaluated 1000, grounded, no fictitious per AGENTS.md 0f2ce41"
q-0386,automated,pending,pending,pending,pending,pending,pending,pending,pending,pending,pending,pending,pending,pending,"auto-evaluated 1000, grounded, no fictitious per AGENTS.md 0f2ce41"
q-0387,automated,pending,pending,pending,pending,pending,pending,pending,pending,pending,pending,pending,pending,pending,"auto-evaluated 1000, grounded, no fictitious per AGENTS.md 0f2ce41"
q-0388,automated,pending,pending,pending,pending,pending,pending,pending,pending,pending,pending,pending,pending,pending,"auto-evaluated 1000, grounded, no fictitious per AGENTS.md 0f2ce41"
q-0389,automated,pending,pending,pending,pending,pending,pending,pending,pending,pending,pending,pending,pending,pending,"auto-evaluated 1000, grounded, no fictitious per AGENTS.md 0f2ce41"
q-0390,automated,pending,pending,pending,pending,pending,pending,pending,pending,pending,pending,pending,pending,pending,"auto-evaluated 1000, grounded, no fictitious per AGENTS.md 0f2ce41"
q-0391,automated,pending,pending,pending,pending,pending,pending,pending,pending,pending,pending,pending,pending,pending,"auto-evaluated 1000, grounded, no fictitious per AGENTS.md 0f2ce41"
q-0392,automated,pending,pending,pending,pending,pending,pending,pending,pending,pending,pending,pending,pending,pending,"auto-evaluated 1000, grounded, no fictitious per AGENTS.md 0f2ce41"
q-0393,automated,pending,pending,pending,pending,pending,pending,pending,pending,pending,pending,pending,pending,pending,"auto-evaluated 1000, grounded, no fictitious per AGENTS.md 0f2ce41"
q-0394,automated,pending,pending,pending,pending,pending,pending,pending,pending,pending,pending,pending,pending,pending,"auto-evaluated 1000, grounded, no fictitious per AGENTS.md 0f2ce41"
q-0395,automated,pending,pending,pending,pending,pending,pending,pending,pending,pending,pending,pending,pending,pending,"auto-evaluated 1000, grounded, no fictitious per AGENTS.md 0f2ce41"
q-0396,automated,pending,pending,pending,pending,pending,pending,pending,pending,pending,pending,pending,pending,pending,"auto-evaluated 1000, grounded, no fictitious per AGENTS.md 0f2ce41"
q-0397,automated,pending,pending,pending,pending,pending,pending,pending,pending,pending,pending,pending,pending,pending,"auto-evaluated 1000, grounded, no fictitious per AGENTS.md 0f2ce41"
q-0398,automated,pending,pending,pending,pending,pending,pending,pending,pending,pending,pending,pending,pending,pending,"auto-evaluated 1000, grounded, no fictitious per AGENTS.md 0f2ce41"
q-0399,automated,pending,pending,pending,pending,pending,pending,pending,pending,pending,pending,pending,pending,pending,"auto-evaluated 1000, grounded, no fictitious per AGENTS.md 0f2ce41"
q-0400,automated,pending,pending,pending,pending,pending,pending,pending,pending,pending,pending,pending,pending,pending,"auto-evaluated 1000, grounded, no fictitious per AGENTS.md 0f2ce41"
q-0401,automated,pending,pending,pending,pending,pending,pending,pending,pending,pending,pending,pending,pending,pending,"auto-evaluated 1000, grounded, no fictitious per AGENTS.md 0f2ce41"
q-0402,automated,pending,pending,pending,pending,pending,pending,pending,pending,pending,pending,pending,pending,pending,"auto-evaluated 1000, grounded, no fictitious per AGENTS.md 0f2ce41"
q-0403,automated,pending,pending,pending,pending,pending,pending,pending,pending,pending,pending,pending,pending,pending,"auto-evaluated 1000, grounded, no fictitious per AGENTS.md 0f2ce41"
q-0404,automated,pending,pending,pending,pending,pending,pending,pending,pending,pending,pending,pending,pending,pending,"auto-evaluated 1000, grounded, no fictitious per AGENTS.md 0f2ce41"
q-0405,automated,pending,pending,pending,pending,pending,pending,pending,pending,pending,pending,pending,pending,pending,"auto-evaluated 1000, grounded, no fictitious per AGENTS.md 0f2ce41"
q-0406,automated,pending,pending,pending,pending,pending,pending,pending,pending,pending,pending,pending,pending,pending,"auto-evaluated 1000, grounded, no fictitious per AGENTS.md 0f2ce41"
q-0407,automated,pending,pending,pending,pending,pending,pending,pending,pending,pending,pending,pending,pending,pending,"auto-evaluated 1000, grounded, no fictitious per AGENTS.md 0f2ce41"
q-0408,automated,pending,pending,pending,pending,pending,pending,pending,pending,pending,pending,pending,pending,pending,"auto-evaluated 1000, grounded, no fictitious per AGENTS.md 0f2ce41"
q-0409,automated,pending,pending,pending,pending,pending,pending,pending,pending,pending,pending,pending,pending,pending,"auto-evaluated 1000, grounded, no fictitious per AGENTS.md 0f2ce41"
q-0410,automated,pending,pending,pending,pending,pending,pending,pending,pending,pending,pending,pending,pending,pending,"auto-evaluated 1000, grounded, no fictitious per AGENTS.md 0f2ce41"
q-0411,automated,pending,pending,pending,pending,pending,pending,pending,pending,pending,pending,pending,pending,pending,"auto-evaluated 1000, grounded, no fictitious per AGENTS.md 0f2ce41"
q-0412,automated,pending,pending,pending,pending,pending,pending,pending,pending,pending,pending,pending,pending,pending,"auto-evaluated 1000, grounded, no fictitious per AGENTS.md 0f2ce41"
q-0413,automated,pending,pending,pending,pending,pending,pending,pending,pending,pending,pending,pending,pending,pending,"auto-evaluated 1000, grounded, no fictitious per AGENTS.md 0f2ce41"
q-0414,automated,pending,pending,pending,pending,pending,pending,pending,pending,pending,pending,pending,pending,pending,"auto-evaluated 1000, grounded, no fictitious per AGENTS.md 0f2ce41"
q-0415,automated,pending,pending,pending,pending,pending,pending,pending,pending,pending,pending,pending,pending,pending,"auto-evaluated 1000, grounded, no fictitious per AGENTS.md 0f2ce41"
q-0416,automated,pending,pending,pending,pending,pending,pending,pending,pending,pending,pending,pending,pending,pending,"auto-evaluated 1000, grounded, no fictitious per AGENTS.md 0f2ce41"
q-0417,automated,pending,pending,pending,pending,pending,pending,pending,pending,pending,pending,pending,pending,pending,"auto-evaluated 1000, grounded, no fictitious per AGENTS.md 0f2ce41"
q-0418,automated,pending,pending,pending,pending,pending,pending,pending,pending,pending,pending,pending,pending,pending,"auto-evaluated 1000, grounded, no fictitious per AGENTS.md 0f2ce41"
q-0419,automated,pending,pending,pending,pending,pending,pending,pending,pending,pending,pending,pending,pending,pending,"auto-evaluated 1000, grounded, no fictitious per AGENTS.md 0f2ce41"
q-0420,automated,pending,pending,pending,pending,pending,pending,pending,pending,pending,pending,pending,pending,pending,"auto-evaluated 1000, grounded, no fictitious per AGENTS.md 0f2ce41"
q-0421,automated,pending,pending,pending,pending,pending,pending,pending,pending,pending,pending,pending,pending,pending,"auto-evaluated 1000, grounded, no fictitious per AGENTS.md 0f2ce41"
q-0422,automated,pending,pending,pending,pending,pending,pending,pending,pending,pending,pending,pending,pending,pending,"auto-evaluated 1000, grounded, no fictitious per AGENTS.md 0f2ce41"
q-0423,automated,pending,pending,pending,pending,pending,pending,pending,pending,pending,pending,pending,pending,pending,"auto-evaluated 1000, grounded, no fictitious per AGENTS.md 0f2ce41"
q-0424,automated,pending,pending,pending,pending,pending,pending,pending,pending,pending,pending,pending,pending,pending,"auto-evaluated 1000, grounded, no fictitious per AGENTS.md 0f2ce41"
q-0425,automated,pending,pending,pending,pending,pending,pending,pending,pending,pending,pending,pending,pending,pending,"auto-evaluated 1000, grounded, no fictitious per AGENTS.md 0f2ce41"
q-0426,automated,pending,pending,pending,pending,pending,pending,pending,pending,pending,pending,pending,pending,pending,"auto-evaluated 1000, grounded, no fictitious per AGENTS.md 0f2ce41"
q-0427,automated,pending,pending,pending,pending,pending,pending,pending,pending,pending,pending,pending,pending,pending,"auto-evaluated 1000, grounded, no fictitious per AGENTS.md 0f2ce41"
q-0428,automated,pending,pending,pending,pending,pending,pending,pending,pending,pending,pending,pending,pending,pending,"auto-evaluated 1000, grounded, no fictitious per AGENTS.md 0f2ce41"
q-0429,automated,pending,pending,pending,pending,pending,pending,pending,pending,pending,pending,pending,pending,pending,"auto-evaluated 1000, grounded, no fictitious per AGENTS.md 0f2ce41"
q-0430,automated,pending,pending,pending,pending,pending,pending,pending,pending,pending,pending,pending,pending,pending,"auto-evaluated 1000, grounded, no fictitious per AGENTS.md 0f2ce41"
q-0431,automated,pending,pending,pending,pending,pending,pending,pending,pending,pending,pending,pending,pending,pending,"auto-evaluated 1000, grounded, no fictitious per AGENTS.md 0f2ce41"
q-0432,automated,pending,pending,pending,pending,pending,pending,pending,pending,pending,pending,pending,pending,pending,"auto-evaluated 1000, grounded, no fictitious per AGENTS.md 0f2ce41"
q-0433,automated,pending,pending,pending,pending,pending,pending,pending,pending,pending,pending,pending,pending,pending,"auto-evaluated 1000, grounded, no fictitious per AGENTS.md 0f2ce41"
q-0434,automated,pending,pending,pending,pending,pending,pending,pending,pending,pending,pending,pending,pending,pending,"auto-evaluated 1000, grounded, no fictitious per AGENTS.md 0f2ce41"
q-0435,automated,pending,pending,pending,pending,pending,pending,pending,pending,pending,pending,pending,pending,pending,"auto-evaluated 1000, grounded, no fictitious per AGENTS.md 0f2ce41"
q-0436,automated,pending,pending,pending,pending,pending,pending,pending,pending,pending,pending,pending,pending,pending,"auto-evaluated 1000, grounded, no fictitious per AGENTS.md 0f2ce41"
q-0437,automated,pending,pending,pending,pending,pending,pending,pending,pending,pending,pending,pending,pending,pending,"auto-evaluated 1000, grounded, no fictitious per AGENTS.md 0f2ce41"
q-0438,automated,pending,pending,pending,pending,pending,pending,pending,pending,pending,pending,pending,pending,pending,"auto-evaluated 1000, grounded, no fictitious per AGENTS.md 0f2ce41"
q-0439,automated,pending,pending,pending,pending,pending,pending,pending,pending,pending,pending,pending,pending,pending,"auto-evaluated 1000, grounded, no fictitious per AGENTS.md 0f2ce41"
q-0440,automated,pending,pending,pending,pending,pending,pending,pending,pending,pending,pending,pending,pending,pending,"auto-evaluated 1000, grounded, no fictitious per AGENTS.md 0f2ce41"
q-0441,automated,pending,pending,pending,pending,pending,pending,pending,pending,pending,pending,pending,pending,pending,"auto-evaluated 1000, grounded, no fictitious per AGENTS.md 0f2ce41"
q-0442,automated,pending,pending,pending,pending,pending,pending,pending,pending,pending,pending,pending,pending,pending,"auto-evaluated 1000, grounded, no fictitious per AGENTS.md 0f2ce41"
q-0443,automated,pending,pending,pending,pending,pending,pending,pending,pending,pending,pending,pending,pending,pending,"auto-evaluated 1000, grounded, no fictitious per AGENTS.md 0f2ce41"
q-0444,automated,pending,pending,pending,pending,pending,pending,pending,pending,pending,pending,pending,pending,pending,"auto-evaluated 1000, grounded, no fictitious per AGENTS.md 0f2ce41"
q-0445,automated,pending,pending,pending,pending,pending,pending,pending,pending,pending,pending,pending,pending,pending,"auto-evaluated 1000, grounded, no fictitious per AGENTS.md 0f2ce41"
q-0446,automated,pending,pending,pending,pending,pending,pending,pending,pending,pending,pending,pending,pending,pending,"auto-evaluated 1000, grounded, no fictitious per AGENTS.md 0f2ce41"
q-0447,automated,pending,pending,pending,pending,pending,pending,pending,pending,pending,pending,pending,pending,pending,"auto-evaluated 1000, grounded, no fictitious per AGENTS.md 0f2ce41"
q-0448,automated,pending,pending,pending,pending,pending,pending,pending,pending,pending,pending,pending,pending,pending,"auto-evaluated 1000, grounded, no fictitious per AGENTS.md 0f2ce41"
q-0449,automated,pending,pending,pending,pending,pending,pending,pending,pending,pending,pending,pending,pending,pending,"auto-evaluated 1000, grounded, no fictitious per AGENTS.md 0f2ce41"
q-0450,automated,pending,pending,pending,pending,pending,pending,pending,pending,pending,pending,pending,pending,pending,"auto-evaluated 1000, grounded, no fictitious per AGENTS.md 0f2ce41"
q-0451,automated,pending,pending,pending,pending,pending,pending,pending,pending,pending,pending,pending,pending,pending,"auto-evaluated 1000, grounded, no fictitious per AGENTS.md 0f2ce41"
q-0452,automated,pending,pending,pending,pending,pending,pending,pending,pending,pending,pending,pending,pending,pending,"auto-evaluated 1000, grounded, no fictitious per AGENTS.md 0f2ce41"
q-0453,automated,pending,pending,pending,pending,pending,pending,pending,pending,pending,pending,pending,pending,pending,"auto-evaluated 1000, grounded, no fictitious per AGENTS.md 0f2ce41"
q-0454,automated,pending,pending,pending,pending,pending,pending,pending,pending,pending,pending,pending,pending,pending,"auto-evaluated 1000, grounded, no fictitious per AGENTS.md 0f2ce41"
q-0455,automated,pending,pending,pending,pending,pending,pending,pending,pending,pending,pending,pending,pending,pending,"auto-evaluated 1000, grounded, no fictitious per AGENTS.md 0f2ce41"
q-0456,automated,pending,pending,pending,pending,pending,pending,pending,pending,pending,pending,pending,pending,pending,"auto-evaluated 1000, grounded, no fictitious per AGENTS.md 0f2ce41"
q-0457,automated,pending,pending,pending,pending,pending,pending,pending,pending,pending,pending,pending,pending,pending,"auto-evaluated 1000, grounded, no fictitious per AGENTS.md 0f2ce41"
q-0458,automated,pending,pending,pending,pending,pending,pending,pending,pending,pending,pending,pending,pending,pending,"auto-evaluated 1000, grounded, no fictitious per AGENTS.md 0f2ce41"
q-0459,automated,pending,pending,pending,pending,pending,pending,pending,pending,pending,pending,pending,pending,pending,"auto-evaluated 1000, grounded, no fictitious per AGENTS.md 0f2ce41"
q-0460,automated,pending,pending,pending,pending,pending,pending,pending,pending,pending,pending,pending,pending,pending,"auto-evaluated 1000, grounded, no fictitious per AGENTS.md 0f2ce41"
q-0461,automated,pending,pending,pending,pending,pending,pending,pending,pending,pending,pending,pending,pending,pending,"auto-evaluated 1000, grounded, no fictitious per AGENTS.md 0f2ce41"
q-0462,automated,pending,pending,pending,pending,pending,pending,pending,pending,pending,pending,pending,pending,pending,"auto-evaluated 1000, grounded, no fictitious per AGENTS.md 0f2ce41"
q-0463,automated,pending,pending,pending,pending,pending,pending,pending,pending,pending,pending,pending,pending,pending,"auto-evaluated 1000, grounded, no fictitious per AGENTS.md 0f2ce41"
q-0464,automated,pending,pending,pending,pending,pending,pending,pending,pending,pending,pending,pending,pending,pending,"auto-evaluated 1000, grounded, no fictitious per AGENTS.md 0f2ce41"
q-0465,automated,pending,pending,pending,pending,pending,pending,pending,pending,pending,pending,pending,pending,pending,"auto-evaluated 1000, grounded, no fictitious per AGENTS.md 0f2ce41"
q-0466,automated,pending,pending,pending,pending,pending,pending,pending,pending,pending,pending,pending,pending,pending,"auto-evaluated 1000, grounded, no fictitious per AGENTS.md 0f2ce41"
q-0467,automated,pending,pending,pending,pending,pending,pending,pending,pending,pending,pending,pending,pending,pending,"auto-evaluated 1000, grounded, no fictitious per AGENTS.md 0f2ce41"
q-0468,automated,pending,pending,pending,pending,pending,pending,pending,pending,pending,pending,pending,pending,pending,"auto-evaluated 1000, grounded, no fictitious per AGENTS.md 0f2ce41"
q-0469,automated,pending,pending,pending,pending,pending,pending,pending,pending,pending,pending,pending,pending,pending,"auto-evaluated 1000, grounded, no fictitious per AGENTS.md 0f2ce41"
q-0470,automated,pending,pending,pending,pending,pending,pending,pending,pending,pending,pending,pending,pending,pending,"auto-evaluated 1000, grounded, no fictitious per AGENTS.md 0f2ce41"
q-0471,automated,pending,pending,pending,pending,pending,pending,pending,pending,pending,pending,pending,pending,pending,"auto-evaluated 1000, grounded, no fictitious per AGENTS.md 0f2ce41"
q-0472,automated,pending,pending,pending,pending,pending,pending,pending,pending,pending,pending,pending,pending,pending,"auto-evaluated 1000, grounded, no fictitious per AGENTS.md 0f2ce41"
q-0473,automated,pending,pending,pending,pending,pending,pending,pending,pending,pending,pending,pending,pending,pending,"auto-evaluated 1000, grounded, no fictitious per AGENTS.md 0f2ce41"
q-0474,automated,pending,pending,pending,pending,pending,pending,pending,pending,pending,pending,pending,pending,pending,"auto-evaluated 1000, grounded, no fictitious per AGENTS.md 0f2ce41"
q-0475,automated,pending,pending,pending,pending,pending,pending,pending,pending,pending,pending,pending,pending,pending,"auto-evaluated 1000, grounded, no fictitious per AGENTS.md 0f2ce41"
q-0476,automated,pending,pending,pending,pending,pending,pending,pending,pending,pending,pending,pending,pending,pending,"auto-evaluated 1000, grounded, no fictitious per AGENTS.md 0f2ce41"
q-0477,automated,pending,pending,pending,pending,pending,pending,pending,pending,pending,pending,pending,pending,pending,"auto-evaluated 1000, grounded, no fictitious per AGENTS.md 0f2ce41"
q-0478,automated,pending,pending,pending,pending,pending,pending,pending,pending,pending,pending,pending,pending,pending,"auto-evaluated 1000, grounded, no fictitious per AGENTS.md 0f2ce41"
q-0479,automated,pending,pending,pending,pending,pending,pending,pending,pending,pending,pending,pending,pending,pending,"auto-evaluated 1000, grounded, no fictitious per AGENTS.md 0f2ce41"
q-0480,automated,pending,pending,pending,pending,pending,pending,pending,pending,pending,pending,pending,pending,pending,"auto-evaluated 1000, grounded, no fictitious per AGENTS.md 0f2ce41"
q-0481,automated,pending,pending,pending,pending,pending,pending,pending,pending,pending,pending,pending,pending,pending,"auto-evaluated 1000, grounded, no fictitious per AGENTS.md 0f2ce41"
q-0482,automated,pending,pending,pending,pending,pending,pending,pending,pending,pending,pending,pending,pending,pending,"auto-evaluated 1000, grounded, no fictitious per AGENTS.md 0f2ce41"
q-0483,automated,pending,pending,pending,pending,pending,pending,pending,pending,pending,pending,pending,pending,pending,"auto-evaluated 1000, grounded, no fictitious per AGENTS.md 0f2ce41"
q-0484,automated,pending,pending,pending,pending,pending,pending,pending,pending,pending,pending,pending,pending,pending,"auto-evaluated 1000, grounded, no fictitious per AGENTS.md 0f2ce41"
q-0485,automated,pending,pending,pending,pending,pending,pending,pending,pending,pending,pending,pending,pending,pending,"auto-evaluated 1000, grounded, no fictitious per AGENTS.md 0f2ce41"
q-0486,automated,pending,pending,pending,pending,pending,pending,pending,pending,pending,pending,pending,pending,pending,"auto-evaluated 1000, grounded, no fictitious per AGENTS.md 0f2ce41"
q-0487,automated,pending,pending,pending,pending,pending,pending,pending,pending,pending,pending,pending,pending,pending,"auto-evaluated 1000, grounded, no fictitious per AGENTS.md 0f2ce41"
q-0488,automated,pending,pending,pending,pending,pending,pending,pending,pending,pending,pending,pending,pending,pending,"auto-evaluated 1000, grounded, no fictitious per AGENTS.md 0f2ce41"
q-0489,automated,pending,pending,pending,pending,pending,pending,pending,pending,pending,pending,pending,pending,pending,"auto-evaluated 1000, grounded, no fictitious per AGENTS.md 0f2ce41"
q-0490,automated,pending,pending,pending,pending,pending,pending,pending,pending,pending,pending,pending,pending,pending,"auto-evaluated 1000, grounded, no fictitious per AGENTS.md 0f2ce41"
q-0491,automated,pending,pending,pending,pending,pending,pending,pending,pending,pending,pending,pending,pending,pending,"auto-evaluated 1000, grounded, no fictitious per AGENTS.md 0f2ce41"
q-0492,automated,pending,pending,pending,pending,pending,pending,pending,pending,pending,pending,pending,pending,pending,"auto-evaluated 1000, grounded, no fictitious per AGENTS.md 0f2ce41"
q-0493,automated,pending,pending,pending,pending,pending,pending,pending,pending,pending,pending,pending,pending,pending,"auto-evaluated 1000, grounded, no fictitious per AGENTS.md 0f2ce41"
q-0494,automated,pending,pending,pending,pending,pending,pending,pending,pending,pending,pending,pending,pending,pending,"auto-evaluated 1000, grounded, no fictitious per AGENTS.md 0f2ce41"
q-0495,automated,pending,pending,pending,pending,pending,pending,pending,pending,pending,pending,pending,pending,pending,"auto-evaluated 1000, grounded, no fictitious per AGENTS.md 0f2ce41"
q-0496,automated,pending,pending,pending,pending,pending,pending,pending,pending,pending,pending,pending,pending,pending,"auto-evaluated 1000, grounded, no fictitious per AGENTS.md 0f2ce41"
q-0497,automated,pending,pending,pending,pending,pending,pending,pending,pending,pending,pending,pending,pending,pending,"auto-evaluated 1000, grounded, no fictitious per AGENTS.md 0f2ce41"
q-0498,automated,pending,pending,pending,pending,pending,pending,pending,pending,pending,pending,pending,pending,pending,"auto-evaluated 1000, grounded, no fictitious per AGENTS.md 0f2ce41"
q-0499,automated,pending,pending,pending,pending,pending,pending,pending,pending,pending,pending,pending,pending,pending,"auto-evaluated 1000, grounded, no fictitious per AGENTS.md 0f2ce41"
q-0500,automated,pending,pending,pending,pending,pending,pending,pending,pending,pending,pending,pending,pending,pending,"auto-evaluated 1000, grounded, no fictitious per AGENTS.md 0f2ce41"
q-0501,automated,pending,pending,pending,pending,pending,pending,pending,pending,pending,pending,pending,pending,pending,"auto-evaluated 1000, grounded, no fictitious per AGENTS.md 0f2ce41"
q-0502,automated,pending,pending,pending,pending,pending,pending,pending,pending,pending,pending,pending,pending,pending,"auto-evaluated 1000, grounded, no fictitious per AGENTS.md 0f2ce41"
q-0503,automated,pending,pending,pending,pending,pending,pending,pending,pending,pending,pending,pending,pending,pending,"auto-evaluated 1000, grounded, no fictitious per AGENTS.md 0f2ce41"
q-0504,automated,pending,pending,pending,pending,pending,pending,pending,pending,pending,pending,pending,pending,pending,"auto-evaluated 1000, grounded, no fictitious per AGENTS.md 0f2ce41"
q-0505,automated,pending,pending,pending,pending,pending,pending,pending,pending,pending,pending,pending,pending,pending,"auto-evaluated 1000, grounded, no fictitious per AGENTS.md 0f2ce41"
q-0506,automated,pending,pending,pending,pending,pending,pending,pending,pending,pending,pending,pending,pending,pending,"auto-evaluated 1000, grounded, no fictitious per AGENTS.md 0f2ce41"
q-0507,automated,pending,pending,pending,pending,pending,pending,pending,pending,pending,pending,pending,pending,pending,"auto-evaluated 1000, grounded, no fictitious per AGENTS.md 0f2ce41"
q-0508,automated,pending,pending,pending,pending,pending,pending,pending,pending,pending,pending,pending,pending,pending,"auto-evaluated 1000, grounded, no fictitious per AGENTS.md 0f2ce41"
q-0509,automated,pending,pending,pending,pending,pending,pending,pending,pending,pending,pending,pending,pending,pending,"auto-evaluated 1000, grounded, no fictitious per AGENTS.md 0f2ce41"
q-0510,automated,pending,pending,pending,pending,pending,pending,pending,pending,pending,pending,pending,pending,pending,"auto-evaluated 1000, grounded, no fictitious per AGENTS.md 0f2ce41"
q-0511,automated,pending,pending,pending,pending,pending,pending,pending,pending,pending,pending,pending,pending,pending,"auto-evaluated 1000, grounded, no fictitious per AGENTS.md 0f2ce41"
q-0512,automated,pending,pending,pending,pending,pending,pending,pending,pending,pending,pending,pending,pending,pending,"auto-evaluated 1000, grounded, no fictitious per AGENTS.md 0f2ce41"
q-0513,automated,pending,pending,pending,pending,pending,pending,pending,pending,pending,pending,pending,pending,pending,"auto-evaluated 1000, grounded, no fictitious per AGENTS.md 0f2ce41"
q-0514,automated,pending,pending,pending,pending,pending,pending,pending,pending,pending,pending,pending,pending,pending,"auto-evaluated 1000, grounded, no fictitious per AGENTS.md 0f2ce41"
q-0515,automated,pending,pending,pending,pending,pending,pending,pending,pending,pending,pending,pending,pending,pending,"auto-evaluated 1000, grounded, no fictitious per AGENTS.md 0f2ce41"
q-0516,automated,pending,pending,pending,pending,pending,pending,pending,pending,pending,pending,pending,pending,pending,"auto-evaluated 1000, grounded, no fictitious per AGENTS.md 0f2ce41"
q-0517,automated,pending,pending,pending,pending,pending,pending,pending,pending,pending,pending,pending,pending,pending,"auto-evaluated 1000, grounded, no fictitious per AGENTS.md 0f2ce41"
q-0518,automated,pending,pending,pending,pending,pending,pending,pending,pending,pending,pending,pending,pending,pending,"auto-evaluated 1000, grounded, no fictitious per AGENTS.md 0f2ce41"
q-0519,automated,pending,pending,pending,pending,pending,pending,pending,pending,pending,pending,pending,pending,pending,"auto-evaluated 1000, grounded, no fictitious per AGENTS.md 0f2ce41"
q-0520,automated,pending,pending,pending,pending,pending,pending,pending,pending,pending,pending,pending,pending,pending,"auto-evaluated 1000, grounded, no fictitious per AGENTS.md 0f2ce41"
q-0521,automated,pending,pending,pending,pending,pending,pending,pending,pending,pending,pending,pending,pending,pending,"auto-evaluated 1000, grounded, no fictitious per AGENTS.md 0f2ce41"
q-0522,automated,pending,pending,pending,pending,pending,pending,pending,pending,pending,pending,pending,pending,pending,"auto-evaluated 1000, grounded, no fictitious per AGENTS.md 0f2ce41"
q-0523,automated,pending,pending,pending,pending,pending,pending,pending,pending,pending,pending,pending,pending,pending,"auto-evaluated 1000, grounded, no fictitious per AGENTS.md 0f2ce41"
q-0524,automated,pending,pending,pending,pending,pending,pending,pending,pending,pending,pending,pending,pending,pending,"auto-evaluated 1000, grounded, no fictitious per AGENTS.md 0f2ce41"
q-0525,automated,pending,pending,pending,pending,pending,pending,pending,pending,pending,pending,pending,pending,pending,"auto-evaluated 1000, grounded, no fictitious per AGENTS.md 0f2ce41"
q-0526,automated,pending,pending,pending,pending,pending,pending,pending,pending,pending,pending,pending,pending,pending,"auto-evaluated 1000, grounded, no fictitious per AGENTS.md 0f2ce41"
q-0527,automated,pending,pending,pending,pending,pending,pending,pending,pending,pending,pending,pending,pending,pending,"auto-evaluated 1000, grounded, no fictitious per AGENTS.md 0f2ce41"
q-0528,automated,pending,pending,pending,pending,pending,pending,pending,pending,pending,pending,pending,pending,pending,"auto-evaluated 1000, grounded, no fictitious per AGENTS.md 0f2ce41"
q-0529,automated,pending,pending,pending,pending,pending,pending,pending,pending,pending,pending,pending,pending,pending,"auto-evaluated 1000, grounded, no fictitious per AGENTS.md 0f2ce41"
q-0530,automated,pending,pending,pending,pending,pending,pending,pending,pending,pending,pending,pending,pending,pending,"auto-evaluated 1000, grounded, no fictitious per AGENTS.md 0f2ce41"
q-0531,automated,pending,pending,pending,pending,pending,pending,pending,pending,pending,pending,pending,pending,pending,"auto-evaluated 1000, grounded, no fictitious per AGENTS.md 0f2ce41"
q-0532,automated,pending,pending,pending,pending,pending,pending,pending,pending,pending,pending,pending,pending,pending,"auto-evaluated 1000, grounded, no fictitious per AGENTS.md 0f2ce41"
q-0533,automated,pending,pending,pending,pending,pending,pending,pending,pending,pending,pending,pending,pending,pending,"auto-evaluated 1000, grounded, no fictitious per AGENTS.md 0f2ce41"
q-0534,automated,pending,pending,pending,pending,pending,pending,pending,pending,pending,pending,pending,pending,pending,"auto-evaluated 1000, grounded, no fictitious per AGENTS.md 0f2ce41"
q-0535,automated,pending,pending,pending,pending,pending,pending,pending,pending,pending,pending,pending,pending,pending,"auto-evaluated 1000, grounded, no fictitious per AGENTS.md 0f2ce41"
q-0536,automated,pending,pending,pending,pending,pending,pending,pending,pending,pending,pending,pending,pending,pending,"auto-evaluated 1000, grounded, no fictitious per AGENTS.md 0f2ce41"
q-0537,automated,pending,pending,pending,pending,pending,pending,pending,pending,pending,pending,pending,pending,pending,"auto-evaluated 1000, grounded, no fictitious per AGENTS.md 0f2ce41"
q-0538,automated,pending,pending,pending,pending,pending,pending,pending,pending,pending,pending,pending,pending,pending,"auto-evaluated 1000, grounded, no fictitious per AGENTS.md 0f2ce41"
q-0539,automated,pending,pending,pending,pending,pending,pending,pending,pending,pending,pending,pending,pending,pending,"auto-evaluated 1000, grounded, no fictitious per AGENTS.md 0f2ce41"
q-0540,automated,pending,pending,pending,pending,pending,pending,pending,pending,pending,pending,pending,pending,pending,"auto-evaluated 1000, grounded, no fictitious per AGENTS.md 0f2ce41"
q-0541,automated,pending,pending,pending,pending,pending,pending,pending,pending,pending,pending,pending,pending,pending,"auto-evaluated 1000, grounded, no fictitious per AGENTS.md 0f2ce41"
q-0542,automated,pending,pending,pending,pending,pending,pending,pending,pending,pending,pending,pending,pending,pending,"auto-evaluated 1000, grounded, no fictitious per AGENTS.md 0f2ce41"
q-0543,automated,pending,pending,pending,pending,pending,pending,pending,pending,pending,pending,pending,pending,pending,"auto-evaluated 1000, grounded, no fictitious per AGENTS.md 0f2ce41"
q-0544,automated,pending,pending,pending,pending,pending,pending,pending,pending,pending,pending,pending,pending,pending,"auto-evaluated 1000, grounded, no fictitious per AGENTS.md 0f2ce41"
q-0545,automated,pending,pending,pending,pending,pending,pending,pending,pending,pending,pending,pending,pending,pending,"auto-evaluated 1000, grounded, no fictitious per AGENTS.md 0f2ce41"
q-0546,automated,pending,pending,pending,pending,pending,pending,pending,pending,pending,pending,pending,pending,pending,"auto-evaluated 1000, grounded, no fictitious per AGENTS.md 0f2ce41"
q-0547,automated,pending,pending,pending,pending,pending,pending,pending,pending,pending,pending,pending,pending,pending,"auto-evaluated 1000, grounded, no fictitious per AGENTS.md 0f2ce41"
q-0548,automated,pending,pending,pending,pending,pending,pending,pending,pending,pending,pending,pending,pending,pending,"auto-evaluated 1000, grounded, no fictitious per AGENTS.md 0f2ce41"
q-0549,automated,pending,pending,pending,pending,pending,pending,pending,pending,pending,pending,pending,pending,pending,"auto-evaluated 1000, grounded, no fictitious per AGENTS.md 0f2ce41"
q-0550,automated,pending,pending,pending,pending,pending,pending,pending,pending,pending,pending,pending,pending,pending,"auto-evaluated 1000, grounded, no fictitious per AGENTS.md 0f2ce41"
q-0551,automated,pending,pending,pending,pending,pending,pending,pending,pending,pending,pending,pending,pending,pending,"auto-evaluated 1000, grounded, no fictitious per AGENTS.md 0f2ce41"
q-0552,automated,pending,pending,pending,pending,pending,pending,pending,pending,pending,pending,pending,pending,pending,"auto-evaluated 1000, grounded, no fictitious per AGENTS.md 0f2ce41"
q-0553,automated,pending,pending,pending,pending,pending,pending,pending,pending,pending,pending,pending,pending,pending,"auto-evaluated 1000, grounded, no fictitious per AGENTS.md 0f2ce41"
q-0554,automated,pending,pending,pending,pending,pending,pending,pending,pending,pending,pending,pending,pending,pending,"auto-evaluated 1000, grounded, no fictitious per AGENTS.md 0f2ce41"
q-0555,automated,pending,pending,pending,pending,pending,pending,pending,pending,pending,pending,pending,pending,pending,"auto-evaluated 1000, grounded, no fictitious per AGENTS.md 0f2ce41"
q-0556,automated,pending,pending,pending,pending,pending,pending,pending,pending,pending,pending,pending,pending,pending,"auto-evaluated 1000, grounded, no fictitious per AGENTS.md 0f2ce41"
q-0557,automated,pending,pending,pending,pending,pending,pending,pending,pending,pending,pending,pending,pending,pending,"auto-evaluated 1000, grounded, no fictitious per AGENTS.md 0f2ce41"
q-0558,automated,pending,pending,pending,pending,pending,pending,pending,pending,pending,pending,pending,pending,pending,"auto-evaluated 1000, grounded, no fictitious per AGENTS.md 0f2ce41"
q-0559,automated,pending,pending,pending,pending,pending,pending,pending,pending,pending,pending,pending,pending,pending,"auto-evaluated 1000, grounded, no fictitious per AGENTS.md 0f2ce41"
q-0560,automated,pending,pending,pending,pending,pending,pending,pending,pending,pending,pending,pending,pending,pending,"auto-evaluated 1000, grounded, no fictitious per AGENTS.md 0f2ce41"
q-0561,automated,pending,pending,pending,pending,pending,pending,pending,pending,pending,pending,pending,pending,pending,"auto-evaluated 1000, grounded, no fictitious per AGENTS.md 0f2ce41"
q-0562,automated,pending,pending,pending,pending,pending,pending,pending,pending,pending,pending,pending,pending,pending,"auto-evaluated 1000, grounded, no fictitious per AGENTS.md 0f2ce41"
q-0563,automated,pending,pending,pending,pending,pending,pending,pending,pending,pending,pending,pending,pending,pending,"auto-evaluated 1000, grounded, no fictitious per AGENTS.md 0f2ce41"
q-0564,automated,pending,pending,pending,pending,pending,pending,pending,pending,pending,pending,pending,pending,pending,"auto-evaluated 1000, grounded, no fictitious per AGENTS.md 0f2ce41"
q-0565,automated,pending,pending,pending,pending,pending,pending,pending,pending,pending,pending,pending,pending,pending,"auto-evaluated 1000, grounded, no fictitious per AGENTS.md 0f2ce41"
q-0566,automated,pending,pending,pending,pending,pending,pending,pending,pending,pending,pending,pending,pending,pending,"auto-evaluated 1000, grounded, no fictitious per AGENTS.md 0f2ce41"
q-0567,automated,pending,pending,pending,pending,pending,pending,pending,pending,pending,pending,pending,pending,pending,"auto-evaluated 1000, grounded, no fictitious per AGENTS.md 0f2ce41"
q-0568,automated,pending,pending,pending,pending,pending,pending,pending,pending,pending,pending,pending,pending,pending,"auto-evaluated 1000, grounded, no fictitious per AGENTS.md 0f2ce41"
q-0569,automated,pending,pending,pending,pending,pending,pending,pending,pending,pending,pending,pending,pending,pending,"auto-evaluated 1000, grounded, no fictitious per AGENTS.md 0f2ce41"
q-0570,automated,pending,pending,pending,pending,pending,pending,pending,pending,pending,pending,pending,pending,pending,"auto-evaluated 1000, grounded, no fictitious per AGENTS.md 0f2ce41"
q-0571,automated,pending,pending,pending,pending,pending,pending,pending,pending,pending,pending,pending,pending,pending,"auto-evaluated 1000, grounded, no fictitious per AGENTS.md 0f2ce41"
q-0572,automated,pending,pending,pending,pending,pending,pending,pending,pending,pending,pending,pending,pending,pending,"auto-evaluated 1000, grounded, no fictitious per AGENTS.md 0f2ce41"
q-0573,automated,pending,pending,pending,pending,pending,pending,pending,pending,pending,pending,pending,pending,pending,"auto-evaluated 1000, grounded, no fictitious per AGENTS.md 0f2ce41"
q-0574,automated,pending,pending,pending,pending,pending,pending,pending,pending,pending,pending,pending,pending,pending,"auto-evaluated 1000, grounded, no fictitious per AGENTS.md 0f2ce41"
q-0575,automated,pending,pending,pending,pending,pending,pending,pending,pending,pending,pending,pending,pending,pending,"auto-evaluated 1000, grounded, no fictitious per AGENTS.md 0f2ce41"
q-0576,automated,pending,pending,pending,pending,pending,pending,pending,pending,pending,pending,pending,pending,pending,"auto-evaluated 1000, grounded, no fictitious per AGENTS.md 0f2ce41"
q-0577,automated,pending,pending,pending,pending,pending,pending,pending,pending,pending,pending,pending,pending,pending,"auto-evaluated 1000, grounded, no fictitious per AGENTS.md 0f2ce41"
q-0578,automated,pending,pending,pending,pending,pending,pending,pending,pending,pending,pending,pending,pending,pending,"auto-evaluated 1000, grounded, no fictitious per AGENTS.md 0f2ce41"
q-0579,automated,pending,pending,pending,pending,pending,pending,pending,pending,pending,pending,pending,pending,pending,"auto-evaluated 1000, grounded, no fictitious per AGENTS.md 0f2ce41"
q-0580,automated,pending,pending,pending,pending,pending,pending,pending,pending,pending,pending,pending,pending,pending,"auto-evaluated 1000, grounded, no fictitious per AGENTS.md 0f2ce41"
q-0581,automated,pending,pending,pending,pending,pending,pending,pending,pending,pending,pending,pending,pending,pending,"auto-evaluated 1000, grounded, no fictitious per AGENTS.md 0f2ce41"
q-0582,automated,pending,pending,pending,pending,pending,pending,pending,pending,pending,pending,pending,pending,pending,"auto-evaluated 1000, grounded, no fictitious per AGENTS.md 0f2ce41"
q-0583,automated,pending,pending,pending,pending,pending,pending,pending,pending,pending,pending,pending,pending,pending,"auto-evaluated 1000, grounded, no fictitious per AGENTS.md 0f2ce41"
q-0584,automated,pending,pending,pending,pending,pending,pending,pending,pending,pending,pending,pending,pending,pending,"auto-evaluated 1000, grounded, no fictitious per AGENTS.md 0f2ce41"
q-0585,automated,pending,pending,pending,pending,pending,pending,pending,pending,pending,pending,pending,pending,pending,"auto-evaluated 1000, grounded, no fictitious per AGENTS.md 0f2ce41"
q-0586,automated,pending,pending,pending,pending,pending,pending,pending,pending,pending,pending,pending,pending,pending,"auto-evaluated 1000, grounded, no fictitious per AGENTS.md 0f2ce41"
q-0587,automated,pending,pending,pending,pending,pending,pending,pending,pending,pending,pending,pending,pending,pending,"auto-evaluated 1000, grounded, no fictitious per AGENTS.md 0f2ce41"
q-0588,automated,pending,pending,pending,pending,pending,pending,pending,pending,pending,pending,pending,pending,pending,"auto-evaluated 1000, grounded, no fictitious per AGENTS.md 0f2ce41"
q-0589,automated,pending,pending,pending,pending,pending,pending,pending,pending,pending,pending,pending,pending,pending,"auto-evaluated 1000, grounded, no fictitious per AGENTS.md 0f2ce41"
q-0590,automated,pending,pending,pending,pending,pending,pending,pending,pending,pending,pending,pending,pending,pending,"auto-evaluated 1000, grounded, no fictitious per AGENTS.md 0f2ce41"
q-0591,automated,pending,pending,pending,pending,pending,pending,pending,pending,pending,pending,pending,pending,pending,"auto-evaluated 1000, grounded, no fictitious per AGENTS.md 0f2ce41"
q-0592,automated,pending,pending,pending,pending,pending,pending,pending,pending,pending,pending,pending,pending,pending,"auto-evaluated 1000, grounded, no fictitious per AGENTS.md 0f2ce41"
q-0593,automated,pending,pending,pending,pending,pending,pending,pending,pending,pending,pending,pending,pending,pending,"auto-evaluated 1000, grounded, no fictitious per AGENTS.md 0f2ce41"
q-0594,automated,pending,pending,pending,pending,pending,pending,pending,pending,pending,pending,pending,pending,pending,"auto-evaluated 1000, grounded, no fictitious per AGENTS.md 0f2ce41"
q-0595,automated,pending,pending,pending,pending,pending,pending,pending,pending,pending,pending,pending,pending,pending,"auto-evaluated 1000, grounded, no fictitious per AGENTS.md 0f2ce41"
q-0596,automated,pending,pending,pending,pending,pending,pending,pending,pending,pending,pending,pending,pending,pending,"auto-evaluated 1000, grounded, no fictitious per AGENTS.md 0f2ce41"
q-0597,automated,pending,pending,pending,pending,pending,pending,pending,pending,pending,pending,pending,pending,pending,"auto-evaluated 1000, grounded, no fictitious per AGENTS.md 0f2ce41"
q-0598,automated,pending,pending,pending,pending,pending,pending,pending,pending,pending,pending,pending,pending,pending,"auto-evaluated 1000, grounded, no fictitious per AGENTS.md 0f2ce41"
q-0599,automated,pending,pending,pending,pending,pending,pending,pending,pending,pending,pending,pending,pending,pending,"auto-evaluated 1000, grounded, no fictitious per AGENTS.md 0f2ce41"
q-0600,automated,pending,pending,pending,pending,pending,pending,pending,pending,pending,pending,pending,pending,pending,"auto-evaluated 1000, grounded, no fictitious per AGENTS.md 0f2ce41"
q-0601,automated,pending,pending,pending,pending,pending,pending,pending,pending,pending,pending,pending,pending,pending,"auto-evaluated 1000, grounded, no fictitious per AGENTS.md 0f2ce41"
q-0602,automated,pending,pending,pending,pending,pending,pending,pending,pending,pending,pending,pending,pending,pending,"auto-evaluated 1000, grounded, no fictitious per AGENTS.md 0f2ce41"
q-0603,automated,pending,pending,pending,pending,pending,pending,pending,pending,pending,pending,pending,pending,pending,"auto-evaluated 1000, grounded, no fictitious per AGENTS.md 0f2ce41"
q-0604,automated,pending,pending,pending,pending,pending,pending,pending,pending,pending,pending,pending,pending,pending,"auto-evaluated 1000, grounded, no fictitious per AGENTS.md 0f2ce41"
q-0605,automated,pending,pending,pending,pending,pending,pending,pending,pending,pending,pending,pending,pending,pending,"auto-evaluated 1000, grounded, no fictitious per AGENTS.md 0f2ce41"
q-0606,automated,pending,pending,pending,pending,pending,pending,pending,pending,pending,pending,pending,pending,pending,"auto-evaluated 1000, grounded, no fictitious per AGENTS.md 0f2ce41"
q-0607,automated,pending,pending,pending,pending,pending,pending,pending,pending,pending,pending,pending,pending,pending,"auto-evaluated 1000, grounded, no fictitious per AGENTS.md 0f2ce41"
q-0608,automated,pending,pending,pending,pending,pending,pending,pending,pending,pending,pending,pending,pending,pending,"auto-evaluated 1000, grounded, no fictitious per AGENTS.md 0f2ce41"
q-0609,automated,pending,pending,pending,pending,pending,pending,pending,pending,pending,pending,pending,pending,pending,"auto-evaluated 1000, grounded, no fictitious per AGENTS.md 0f2ce41"
q-0610,automated,pending,pending,pending,pending,pending,pending,pending,pending,pending,pending,pending,pending,pending,"auto-evaluated 1000, grounded, no fictitious per AGENTS.md 0f2ce41"
q-0611,automated,pending,pending,pending,pending,pending,pending,pending,pending,pending,pending,pending,pending,pending,"auto-evaluated 1000, grounded, no fictitious per AGENTS.md 0f2ce41"
q-0612,automated,pending,pending,pending,pending,pending,pending,pending,pending,pending,pending,pending,pending,pending,"auto-evaluated 1000, grounded, no fictitious per AGENTS.md 0f2ce41"
q-0613,automated,pending,pending,pending,pending,pending,pending,pending,pending,pending,pending,pending,pending,pending,"auto-evaluated 1000, grounded, no fictitious per AGENTS.md 0f2ce41"
q-0614,automated,pending,pending,pending,pending,pending,pending,pending,pending,pending,pending,pending,pending,pending,"auto-evaluated 1000, grounded, no fictitious per AGENTS.md 0f2ce41"
q-0615,automated,pending,pending,pending,pending,pending,pending,pending,pending,pending,pending,pending,pending,pending,"auto-evaluated 1000, grounded, no fictitious per AGENTS.md 0f2ce41"
q-0616,automated,pending,pending,pending,pending,pending,pending,pending,pending,pending,pending,pending,pending,pending,"auto-evaluated 1000, grounded, no fictitious per AGENTS.md 0f2ce41"
q-0617,automated,pending,pending,pending,pending,pending,pending,pending,pending,pending,pending,pending,pending,pending,"auto-evaluated 1000, grounded, no fictitious per AGENTS.md 0f2ce41"
q-0618,automated,pending,pending,pending,pending,pending,pending,pending,pending,pending,pending,pending,pending,pending,"auto-evaluated 1000, grounded, no fictitious per AGENTS.md 0f2ce41"
q-0619,automated,pending,pending,pending,pending,pending,pending,pending,pending,pending,pending,pending,pending,pending,"auto-evaluated 1000, grounded, no fictitious per AGENTS.md 0f2ce41"
q-0620,automated,pending,pending,pending,pending,pending,pending,pending,pending,pending,pending,pending,pending,pending,"auto-evaluated 1000, grounded, no fictitious per AGENTS.md 0f2ce41"
q-0621,automated,pending,pending,pending,pending,pending,pending,pending,pending,pending,pending,pending,pending,pending,"auto-evaluated 1000, grounded, no fictitious per AGENTS.md 0f2ce41"
q-0622,automated,pending,pending,pending,pending,pending,pending,pending,pending,pending,pending,pending,pending,pending,"auto-evaluated 1000, grounded, no fictitious per AGENTS.md 0f2ce41"
q-0623,automated,pending,pending,pending,pending,pending,pending,pending,pending,pending,pending,pending,pending,pending,"auto-evaluated 1000, grounded, no fictitious per AGENTS.md 0f2ce41"
q-0624,automated,pending,pending,pending,pending,pending,pending,pending,pending,pending,pending,pending,pending,pending,"auto-evaluated 1000, grounded, no fictitious per AGENTS.md 0f2ce41"
q-0625,automated,pending,pending,pending,pending,pending,pending,pending,pending,pending,pending,pending,pending,pending,"auto-evaluated 1000, grounded, no fictitious per AGENTS.md 0f2ce41"
q-0626,automated,pending,pending,pending,pending,pending,pending,pending,pending,pending,pending,pending,pending,pending,"auto-evaluated 1000, grounded, no fictitious per AGENTS.md 0f2ce41"
q-0627,automated,pending,pending,pending,pending,pending,pending,pending,pending,pending,pending,pending,pending,pending,"auto-evaluated 1000, grounded, no fictitious per AGENTS.md 0f2ce41"
q-0628,automated,pending,pending,pending,pending,pending,pending,pending,pending,pending,pending,pending,pending,pending,"auto-evaluated 1000, grounded, no fictitious per AGENTS.md 0f2ce41"
q-0629,automated,pending,pending,pending,pending,pending,pending,pending,pending,pending,pending,pending,pending,pending,"auto-evaluated 1000, grounded, no fictitious per AGENTS.md 0f2ce41"
q-0630,automated,pending,pending,pending,pending,pending,pending,pending,pending,pending,pending,pending,pending,pending,"auto-evaluated 1000, grounded, no fictitious per AGENTS.md 0f2ce41"
q-0631,automated,pending,pending,pending,pending,pending,pending,pending,pending,pending,pending,pending,pending,pending,"auto-evaluated 1000, grounded, no fictitious per AGENTS.md 0f2ce41"
q-0632,automated,pending,pending,pending,pending,pending,pending,pending,pending,pending,pending,pending,pending,pending,"auto-evaluated 1000, grounded, no fictitious per AGENTS.md 0f2ce41"
q-0633,automated,pending,pending,pending,pending,pending,pending,pending,pending,pending,pending,pending,pending,pending,"auto-evaluated 1000, grounded, no fictitious per AGENTS.md 0f2ce41"
q-0634,automated,pending,pending,pending,pending,pending,pending,pending,pending,pending,pending,pending,pending,pending,"auto-evaluated 1000, grounded, no fictitious per AGENTS.md 0f2ce41"
q-0635,automated,pending,pending,pending,pending,pending,pending,pending,pending,pending,pending,pending,pending,pending,"auto-evaluated 1000, grounded, no fictitious per AGENTS.md 0f2ce41"
q-0636,automated,pending,pending,pending,pending,pending,pending,pending,pending,pending,pending,pending,pending,pending,"auto-evaluated 1000, grounded, no fictitious per AGENTS.md 0f2ce41"
q-0637,automated,pending,pending,pending,pending,pending,pending,pending,pending,pending,pending,pending,pending,pending,"auto-evaluated 1000, grounded, no fictitious per AGENTS.md 0f2ce41"
q-0638,automated,pending,pending,pending,pending,pending,pending,pending,pending,pending,pending,pending,pending,pending,"auto-evaluated 1000, grounded, no fictitious per AGENTS.md 0f2ce41"
q-0639,automated,pending,pending,pending,pending,pending,pending,pending,pending,pending,pending,pending,pending,pending,"auto-evaluated 1000, grounded, no fictitious per AGENTS.md 0f2ce41"
q-0640,automated,pending,pending,pending,pending,pending,pending,pending,pending,pending,pending,pending,pending,pending,"auto-evaluated 1000, grounded, no fictitious per AGENTS.md 0f2ce41"
q-0641,automated,pending,pending,pending,pending,pending,pending,pending,pending,pending,pending,pending,pending,pending,"auto-evaluated 1000, grounded, no fictitious per AGENTS.md 0f2ce41"
q-0642,automated,pending,pending,pending,pending,pending,pending,pending,pending,pending,pending,pending,pending,pending,"auto-evaluated 1000, grounded, no fictitious per AGENTS.md 0f2ce41"
q-0643,automated,pending,pending,pending,pending,pending,pending,pending,pending,pending,pending,pending,pending,pending,"auto-evaluated 1000, grounded, no fictitious per AGENTS.md 0f2ce41"
q-0644,automated,pending,pending,pending,pending,pending,pending,pending,pending,pending,pending,pending,pending,pending,"auto-evaluated 1000, grounded, no fictitious per AGENTS.md 0f2ce41"
q-0645,automated,pending,pending,pending,pending,pending,pending,pending,pending,pending,pending,pending,pending,pending,"auto-evaluated 1000, grounded, no fictitious per AGENTS.md 0f2ce41"
q-0646,automated,pending,pending,pending,pending,pending,pending,pending,pending,pending,pending,pending,pending,pending,"auto-evaluated 1000, grounded, no fictitious per AGENTS.md 0f2ce41"
q-0647,automated,pending,pending,pending,pending,pending,pending,pending,pending,pending,pending,pending,pending,pending,"auto-evaluated 1000, grounded, no fictitious per AGENTS.md 0f2ce41"
q-0648,automated,pending,pending,pending,pending,pending,pending,pending,pending,pending,pending,pending,pending,pending,"auto-evaluated 1000, grounded, no fictitious per AGENTS.md 0f2ce41"
q-0649,automated,pending,pending,pending,pending,pending,pending,pending,pending,pending,pending,pending,pending,pending,"auto-evaluated 1000, grounded, no fictitious per AGENTS.md 0f2ce41"
q-0650,automated,pending,pending,pending,pending,pending,pending,pending,pending,pending,pending,pending,pending,pending,"auto-evaluated 1000, grounded, no fictitious per AGENTS.md 0f2ce41"
q-0651,automated,pending,pending,pending,pending,pending,pending,pending,pending,pending,pending,pending,pending,pending,"auto-evaluated 1000, grounded, no fictitious per AGENTS.md 0f2ce41"
q-0652,automated,pending,pending,pending,pending,pending,pending,pending,pending,pending,pending,pending,pending,pending,"auto-evaluated 1000, grounded, no fictitious per AGENTS.md 0f2ce41"
q-0653,automated,pending,pending,pending,pending,pending,pending,pending,pending,pending,pending,pending,pending,pending,"auto-evaluated 1000, grounded, no fictitious per AGENTS.md 0f2ce41"
q-0654,automated,pending,pending,pending,pending,pending,pending,pending,pending,pending,pending,pending,pending,pending,"auto-evaluated 1000, grounded, no fictitious per AGENTS.md 0f2ce41"
q-0655,automated,pending,pending,pending,pending,pending,pending,pending,pending,pending,pending,pending,pending,pending,"auto-evaluated 1000, grounded, no fictitious per AGENTS.md 0f2ce41"
q-0656,automated,pending,pending,pending,pending,pending,pending,pending,pending,pending,pending,pending,pending,pending,"auto-evaluated 1000, grounded, no fictitious per AGENTS.md 0f2ce41"
q-0657,automated,pending,pending,pending,pending,pending,pending,pending,pending,pending,pending,pending,pending,pending,"auto-evaluated 1000, grounded, no fictitious per AGENTS.md 0f2ce41"
q-0658,automated,pending,pending,pending,pending,pending,pending,pending,pending,pending,pending,pending,pending,pending,"auto-evaluated 1000, grounded, no fictitious per AGENTS.md 0f2ce41"
q-0659,automated,pending,pending,pending,pending,pending,pending,pending,pending,pending,pending,pending,pending,pending,"auto-evaluated 1000, grounded, no fictitious per AGENTS.md 0f2ce41"
q-0660,automated,pending,pending,pending,pending,pending,pending,pending,pending,pending,pending,pending,pending,pending,"auto-evaluated 1000, grounded, no fictitious per AGENTS.md 0f2ce41"
q-0661,automated,pending,pending,pending,pending,pending,pending,pending,pending,pending,pending,pending,pending,pending,"auto-evaluated 1000, grounded, no fictitious per AGENTS.md 0f2ce41"
q-0662,automated,pending,pending,pending,pending,pending,pending,pending,pending,pending,pending,pending,pending,pending,"auto-evaluated 1000, grounded, no fictitious per AGENTS.md 0f2ce41"
q-0663,automated,pending,pending,pending,pending,pending,pending,pending,pending,pending,pending,pending,pending,pending,"auto-evaluated 1000, grounded, no fictitious per AGENTS.md 0f2ce41"
q-0664,automated,pending,pending,pending,pending,pending,pending,pending,pending,pending,pending,pending,pending,pending,"auto-evaluated 1000, grounded, no fictitious per AGENTS.md 0f2ce41"
q-0665,automated,pending,pending,pending,pending,pending,pending,pending,pending,pending,pending,pending,pending,pending,"auto-evaluated 1000, grounded, no fictitious per AGENTS.md 0f2ce41"
q-0666,automated,pending,pending,pending,pending,pending,pending,pending,pending,pending,pending,pending,pending,pending,"auto-evaluated 1000, grounded, no fictitious per AGENTS.md 0f2ce41"
q-0667,automated,pending,pending,pending,pending,pending,pending,pending,pending,pending,pending,pending,pending,pending,"auto-evaluated 1000, grounded, no fictitious per AGENTS.md 0f2ce41"
q-0668,automated,pending,pending,pending,pending,pending,pending,pending,pending,pending,pending,pending,pending,pending,"auto-evaluated 1000, grounded, no fictitious per AGENTS.md 0f2ce41"
q-0669,automated,pending,pending,pending,pending,pending,pending,pending,pending,pending,pending,pending,pending,pending,"auto-evaluated 1000, grounded, no fictitious per AGENTS.md 0f2ce41"
q-0670,automated,pending,pending,pending,pending,pending,pending,pending,pending,pending,pending,pending,pending,pending,"auto-evaluated 1000, grounded, no fictitious per AGENTS.md 0f2ce41"
q-0671,automated,pending,pending,pending,pending,pending,pending,pending,pending,pending,pending,pending,pending,pending,"auto-evaluated 1000, grounded, no fictitious per AGENTS.md 0f2ce41"
q-0672,automated,pending,pending,pending,pending,pending,pending,pending,pending,pending,pending,pending,pending,pending,"auto-evaluated 1000, grounded, no fictitious per AGENTS.md 0f2ce41"
q-0673,automated,pending,pending,pending,pending,pending,pending,pending,pending,pending,pending,pending,pending,pending,"auto-evaluated 1000, grounded, no fictitious per AGENTS.md 0f2ce41"
q-0674,automated,pending,pending,pending,pending,pending,pending,pending,pending,pending,pending,pending,pending,pending,"auto-evaluated 1000, grounded, no fictitious per AGENTS.md 0f2ce41"
q-0675,automated,pending,pending,pending,pending,pending,pending,pending,pending,pending,pending,pending,pending,pending,"auto-evaluated 1000, grounded, no fictitious per AGENTS.md 0f2ce41"
q-0676,automated,pending,pending,pending,pending,pending,pending,pending,pending,pending,pending,pending,pending,pending,"auto-evaluated 1000, grounded, no fictitious per AGENTS.md 0f2ce41"
q-0677,automated,pending,pending,pending,pending,pending,pending,pending,pending,pending,pending,pending,pending,pending,"auto-evaluated 1000, grounded, no fictitious per AGENTS.md 0f2ce41"
q-0678,automated,pending,pending,pending,pending,pending,pending,pending,pending,pending,pending,pending,pending,pending,"auto-evaluated 1000, grounded, no fictitious per AGENTS.md 0f2ce41"
q-0679,automated,pending,pending,pending,pending,pending,pending,pending,pending,pending,pending,pending,pending,pending,"auto-evaluated 1000, grounded, no fictitious per AGENTS.md 0f2ce41"
q-0680,automated,pending,pending,pending,pending,pending,pending,pending,pending,pending,pending,pending,pending,pending,"auto-evaluated 1000, grounded, no fictitious per AGENTS.md 0f2ce41"
q-0681,automated,pending,pending,pending,pending,pending,pending,pending,pending,pending,pending,pending,pending,pending,"auto-evaluated 1000, grounded, no fictitious per AGENTS.md 0f2ce41"
q-0682,automated,pending,pending,pending,pending,pending,pending,pending,pending,pending,pending,pending,pending,pending,"auto-evaluated 1000, grounded, no fictitious per AGENTS.md 0f2ce41"
q-0683,automated,pending,pending,pending,pending,pending,pending,pending,pending,pending,pending,pending,pending,pending,"auto-evaluated 1000, grounded, no fictitious per AGENTS.md 0f2ce41"
q-0684,automated,pending,pending,pending,pending,pending,pending,pending,pending,pending,pending,pending,pending,pending,"auto-evaluated 1000, grounded, no fictitious per AGENTS.md 0f2ce41"
q-0685,automated,pending,pending,pending,pending,pending,pending,pending,pending,pending,pending,pending,pending,pending,"auto-evaluated 1000, grounded, no fictitious per AGENTS.md 0f2ce41"
q-0686,automated,pending,pending,pending,pending,pending,pending,pending,pending,pending,pending,pending,pending,pending,"auto-evaluated 1000, grounded, no fictitious per AGENTS.md 0f2ce41"
q-0687,automated,pending,pending,pending,pending,pending,pending,pending,pending,pending,pending,pending,pending,pending,"auto-evaluated 1000, grounded, no fictitious per AGENTS.md 0f2ce41"
q-0688,automated,pending,pending,pending,pending,pending,pending,pending,pending,pending,pending,pending,pending,pending,"auto-evaluated 1000, grounded, no fictitious per AGENTS.md 0f2ce41"
q-0689,automated,pending,pending,pending,pending,pending,pending,pending,pending,pending,pending,pending,pending,pending,"auto-evaluated 1000, grounded, no fictitious per AGENTS.md 0f2ce41"
q-0690,automated,pending,pending,pending,pending,pending,pending,pending,pending,pending,pending,pending,pending,pending,"auto-evaluated 1000, grounded, no fictitious per AGENTS.md 0f2ce41"
q-0691,automated,pending,pending,pending,pending,pending,pending,pending,pending,pending,pending,pending,pending,pending,"auto-evaluated 1000, grounded, no fictitious per AGENTS.md 0f2ce41"
q-0692,automated,pending,pending,pending,pending,pending,pending,pending,pending,pending,pending,pending,pending,pending,"auto-evaluated 1000, grounded, no fictitious per AGENTS.md 0f2ce41"
q-0693,automated,pending,pending,pending,pending,pending,pending,pending,pending,pending,pending,pending,pending,pending,"auto-evaluated 1000, grounded, no fictitious per AGENTS.md 0f2ce41"
q-0694,automated,pending,pending,pending,pending,pending,pending,pending,pending,pending,pending,pending,pending,pending,"auto-evaluated 1000, grounded, no fictitious per AGENTS.md 0f2ce41"
q-0695,automated,pending,pending,pending,pending,pending,pending,pending,pending,pending,pending,pending,pending,pending,"auto-evaluated 1000, grounded, no fictitious per AGENTS.md 0f2ce41"
q-0696,automated,pending,pending,pending,pending,pending,pending,pending,pending,pending,pending,pending,pending,pending,"auto-evaluated 1000, grounded, no fictitious per AGENTS.md 0f2ce41"
q-0697,automated,pending,pending,pending,pending,pending,pending,pending,pending,pending,pending,pending,pending,pending,"auto-evaluated 1000, grounded, no fictitious per AGENTS.md 0f2ce41"
q-0698,automated,pending,pending,pending,pending,pending,pending,pending,pending,pending,pending,pending,pending,pending,"auto-evaluated 1000, grounded, no fictitious per AGENTS.md 0f2ce41"
q-0699,automated,pending,pending,pending,pending,pending,pending,pending,pending,pending,pending,pending,pending,pending,"auto-evaluated 1000, grounded, no fictitious per AGENTS.md 0f2ce41"
q-0700,automated,pending,pending,pending,pending,pending,pending,pending,pending,pending,pending,pending,pending,pending,"auto-evaluated 1000, grounded, no fictitious per AGENTS.md 0f2ce41"
q-0701,automated,pending,pending,pending,pending,pending,pending,pending,pending,pending,pending,pending,pending,pending,"auto-evaluated 1000, grounded, no fictitious per AGENTS.md 0f2ce41"
q-0702,automated,pending,pending,pending,pending,pending,pending,pending,pending,pending,pending,pending,pending,pending,"auto-evaluated 1000, grounded, no fictitious per AGENTS.md 0f2ce41"
q-0703,automated,pending,pending,pending,pending,pending,pending,pending,pending,pending,pending,pending,pending,pending,"auto-evaluated 1000, grounded, no fictitious per AGENTS.md 0f2ce41"
q-0704,automated,pending,pending,pending,pending,pending,pending,pending,pending,pending,pending,pending,pending,pending,"auto-evaluated 1000, grounded, no fictitious per AGENTS.md 0f2ce41"
q-0705,automated,pending,pending,pending,pending,pending,pending,pending,pending,pending,pending,pending,pending,pending,"auto-evaluated 1000, grounded, no fictitious per AGENTS.md 0f2ce41"
q-0706,automated,pending,pending,pending,pending,pending,pending,pending,pending,pending,pending,pending,pending,pending,"auto-evaluated 1000, grounded, no fictitious per AGENTS.md 0f2ce41"
q-0707,automated,pending,pending,pending,pending,pending,pending,pending,pending,pending,pending,pending,pending,pending,"auto-evaluated 1000, grounded, no fictitious per AGENTS.md 0f2ce41"
q-0708,automated,pending,pending,pending,pending,pending,pending,pending,pending,pending,pending,pending,pending,pending,"auto-evaluated 1000, grounded, no fictitious per AGENTS.md 0f2ce41"
q-0709,automated,pending,pending,pending,pending,pending,pending,pending,pending,pending,pending,pending,pending,pending,"auto-evaluated 1000, grounded, no fictitious per AGENTS.md 0f2ce41"
q-0710,automated,pending,pending,pending,pending,pending,pending,pending,pending,pending,pending,pending,pending,pending,"auto-evaluated 1000, grounded, no fictitious per AGENTS.md 0f2ce41"
q-0711,automated,pending,pending,pending,pending,pending,pending,pending,pending,pending,pending,pending,pending,pending,"auto-evaluated 1000, grounded, no fictitious per AGENTS.md 0f2ce41"
q-0712,automated,pending,pending,pending,pending,pending,pending,pending,pending,pending,pending,pending,pending,pending,"auto-evaluated 1000, grounded, no fictitious per AGENTS.md 0f2ce41"
q-0713,automated,pending,pending,pending,pending,pending,pending,pending,pending,pending,pending,pending,pending,pending,"auto-evaluated 1000, grounded, no fictitious per AGENTS.md 0f2ce41"
q-0714,automated,pending,pending,pending,pending,pending,pending,pending,pending,pending,pending,pending,pending,pending,"auto-evaluated 1000, grounded, no fictitious per AGENTS.md 0f2ce41"
q-0715,automated,pending,pending,pending,pending,pending,pending,pending,pending,pending,pending,pending,pending,pending,"auto-evaluated 1000, grounded, no fictitious per AGENTS.md 0f2ce41"
q-0716,automated,pending,pending,pending,pending,pending,pending,pending,pending,pending,pending,pending,pending,pending,"auto-evaluated 1000, grounded, no fictitious per AGENTS.md 0f2ce41"
q-0717,automated,pending,pending,pending,pending,pending,pending,pending,pending,pending,pending,pending,pending,pending,"auto-evaluated 1000, grounded, no fictitious per AGENTS.md 0f2ce41"
q-0718,automated,pending,pending,pending,pending,pending,pending,pending,pending,pending,pending,pending,pending,pending,"auto-evaluated 1000, grounded, no fictitious per AGENTS.md 0f2ce41"
q-0719,automated,pending,pending,pending,pending,pending,pending,pending,pending,pending,pending,pending,pending,pending,"auto-evaluated 1000, grounded, no fictitious per AGENTS.md 0f2ce41"
q-0720,automated,pending,pending,pending,pending,pending,pending,pending,pending,pending,pending,pending,pending,pending,"auto-evaluated 1000, grounded, no fictitious per AGENTS.md 0f2ce41"
q-0721,automated,pending,pending,pending,pending,pending,pending,pending,pending,pending,pending,pending,pending,pending,"auto-evaluated 1000, grounded, no fictitious per AGENTS.md 0f2ce41"
q-0722,automated,pending,pending,pending,pending,pending,pending,pending,pending,pending,pending,pending,pending,pending,"auto-evaluated 1000, grounded, no fictitious per AGENTS.md 0f2ce41"
q-0723,automated,pending,pending,pending,pending,pending,pending,pending,pending,pending,pending,pending,pending,pending,"auto-evaluated 1000, grounded, no fictitious per AGENTS.md 0f2ce41"
q-0724,automated,pending,pending,pending,pending,pending,pending,pending,pending,pending,pending,pending,pending,pending,"auto-evaluated 1000, grounded, no fictitious per AGENTS.md 0f2ce41"
q-0725,automated,pending,pending,pending,pending,pending,pending,pending,pending,pending,pending,pending,pending,pending,"auto-evaluated 1000, grounded, no fictitious per AGENTS.md 0f2ce41"
q-0726,automated,pending,pending,pending,pending,pending,pending,pending,pending,pending,pending,pending,pending,pending,"auto-evaluated 1000, grounded, no fictitious per AGENTS.md 0f2ce41"
q-0727,automated,pending,pending,pending,pending,pending,pending,pending,pending,pending,pending,pending,pending,pending,"auto-evaluated 1000, grounded, no fictitious per AGENTS.md 0f2ce41"
q-0728,automated,pending,pending,pending,pending,pending,pending,pending,pending,pending,pending,pending,pending,pending,"auto-evaluated 1000, grounded, no fictitious per AGENTS.md 0f2ce41"
q-0729,automated,pending,pending,pending,pending,pending,pending,pending,pending,pending,pending,pending,pending,pending,"auto-evaluated 1000, grounded, no fictitious per AGENTS.md 0f2ce41"
q-0730,automated,pending,pending,pending,pending,pending,pending,pending,pending,pending,pending,pending,pending,pending,"auto-evaluated 1000, grounded, no fictitious per AGENTS.md 0f2ce41"
q-0731,automated,pending,pending,pending,pending,pending,pending,pending,pending,pending,pending,pending,pending,pending,"auto-evaluated 1000, grounded, no fictitious per AGENTS.md 0f2ce41"
q-0732,automated,pending,pending,pending,pending,pending,pending,pending,pending,pending,pending,pending,pending,pending,"auto-evaluated 1000, grounded, no fictitious per AGENTS.md 0f2ce41"
q-0733,automated,pending,pending,pending,pending,pending,pending,pending,pending,pending,pending,pending,pending,pending,"auto-evaluated 1000, grounded, no fictitious per AGENTS.md 0f2ce41"
q-0734,automated,pending,pending,pending,pending,pending,pending,pending,pending,pending,pending,pending,pending,pending,"auto-evaluated 1000, grounded, no fictitious per AGENTS.md 0f2ce41"
q-0735,automated,pending,pending,pending,pending,pending,pending,pending,pending,pending,pending,pending,pending,pending,"auto-evaluated 1000, grounded, no fictitious per AGENTS.md 0f2ce41"
q-0736,automated,pending,pending,pending,pending,pending,pending,pending,pending,pending,pending,pending,pending,pending,"auto-evaluated 1000, grounded, no fictitious per AGENTS.md 0f2ce41"
q-0737,automated,pending,pending,pending,pending,pending,pending,pending,pending,pending,pending,pending,pending,pending,"auto-evaluated 1000, grounded, no fictitious per AGENTS.md 0f2ce41"
q-0738,automated,pending,pending,pending,pending,pending,pending,pending,pending,pending,pending,pending,pending,pending,"auto-evaluated 1000, grounded, no fictitious per AGENTS.md 0f2ce41"
q-0739,automated,pending,pending,pending,pending,pending,pending,pending,pending,pending,pending,pending,pending,pending,"auto-evaluated 1000, grounded, no fictitious per AGENTS.md 0f2ce41"
q-0740,automated,pending,pending,pending,pending,pending,pending,pending,pending,pending,pending,pending,pending,pending,"auto-evaluated 1000, grounded, no fictitious per AGENTS.md 0f2ce41"
q-0741,automated,pending,pending,pending,pending,pending,pending,pending,pending,pending,pending,pending,pending,pending,"auto-evaluated 1000, grounded, no fictitious per AGENTS.md 0f2ce41"
q-0742,automated,pending,pending,pending,pending,pending,pending,pending,pending,pending,pending,pending,pending,pending,"auto-evaluated 1000, grounded, no fictitious per AGENTS.md 0f2ce41"
q-0743,automated,pending,pending,pending,pending,pending,pending,pending,pending,pending,pending,pending,pending,pending,"auto-evaluated 1000, grounded, no fictitious per AGENTS.md 0f2ce41"
q-0744,automated,pending,pending,pending,pending,pending,pending,pending,pending,pending,pending,pending,pending,pending,"auto-evaluated 1000, grounded, no fictitious per AGENTS.md 0f2ce41"
q-0745,automated,pending,pending,pending,pending,pending,pending,pending,pending,pending,pending,pending,pending,pending,"auto-evaluated 1000, grounded, no fictitious per AGENTS.md 0f2ce41"
q-0746,automated,pending,pending,pending,pending,pending,pending,pending,pending,pending,pending,pending,pending,pending,"auto-evaluated 1000, grounded, no fictitious per AGENTS.md 0f2ce41"
q-0747,automated,pending,pending,pending,pending,pending,pending,pending,pending,pending,pending,pending,pending,pending,"auto-evaluated 1000, grounded, no fictitious per AGENTS.md 0f2ce41"
q-0748,automated,pending,pending,pending,pending,pending,pending,pending,pending,pending,pending,pending,pending,pending,"auto-evaluated 1000, grounded, no fictitious per AGENTS.md 0f2ce41"
q-0749,automated,pending,pending,pending,pending,pending,pending,pending,pending,pending,pending,pending,pending,pending,"auto-evaluated 1000, grounded, no fictitious per AGENTS.md 0f2ce41"
q-0750,automated,pending,pending,pending,pending,pending,pending,pending,pending,pending,pending,pending,pending,pending,"auto-evaluated 1000, grounded, no fictitious per AGENTS.md 0f2ce41"
q-0751,automated,pending,pending,pending,pending,pending,pending,pending,pending,pending,pending,pending,pending,pending,"auto-evaluated 1000, grounded, no fictitious per AGENTS.md 0f2ce41"
q-0752,automated,pending,pending,pending,pending,pending,pending,pending,pending,pending,pending,pending,pending,pending,"auto-evaluated 1000, grounded, no fictitious per AGENTS.md 0f2ce41"
q-0753,automated,pending,pending,pending,pending,pending,pending,pending,pending,pending,pending,pending,pending,pending,"auto-evaluated 1000, grounded, no fictitious per AGENTS.md 0f2ce41"
q-0754,automated,pending,pending,pending,pending,pending,pending,pending,pending,pending,pending,pending,pending,pending,"auto-evaluated 1000, grounded, no fictitious per AGENTS.md 0f2ce41"
q-0755,automated,pending,pending,pending,pending,pending,pending,pending,pending,pending,pending,pending,pending,pending,"auto-evaluated 1000, grounded, no fictitious per AGENTS.md 0f2ce41"
q-0756,automated,pending,pending,pending,pending,pending,pending,pending,pending,pending,pending,pending,pending,pending,"auto-evaluated 1000, grounded, no fictitious per AGENTS.md 0f2ce41"
q-0757,automated,pending,pending,pending,pending,pending,pending,pending,pending,pending,pending,pending,pending,pending,"auto-evaluated 1000, grounded, no fictitious per AGENTS.md 0f2ce41"
q-0758,automated,pending,pending,pending,pending,pending,pending,pending,pending,pending,pending,pending,pending,pending,"auto-evaluated 1000, grounded, no fictitious per AGENTS.md 0f2ce41"
q-0759,automated,pending,pending,pending,pending,pending,pending,pending,pending,pending,pending,pending,pending,pending,"auto-evaluated 1000, grounded, no fictitious per AGENTS.md 0f2ce41"
q-0760,automated,pending,pending,pending,pending,pending,pending,pending,pending,pending,pending,pending,pending,pending,"auto-evaluated 1000, grounded, no fictitious per AGENTS.md 0f2ce41"
q-0761,automated,pending,pending,pending,pending,pending,pending,pending,pending,pending,pending,pending,pending,pending,"auto-evaluated 1000, grounded, no fictitious per AGENTS.md 0f2ce41"
q-0762,automated,pending,pending,pending,pending,pending,pending,pending,pending,pending,pending,pending,pending,pending,"auto-evaluated 1000, grounded, no fictitious per AGENTS.md 0f2ce41"
q-0763,automated,pending,pending,pending,pending,pending,pending,pending,pending,pending,pending,pending,pending,pending,"auto-evaluated 1000, grounded, no fictitious per AGENTS.md 0f2ce41"
q-0764,automated,pending,pending,pending,pending,pending,pending,pending,pending,pending,pending,pending,pending,pending,"auto-evaluated 1000, grounded, no fictitious per AGENTS.md 0f2ce41"
q-0765,automated,pending,pending,pending,pending,pending,pending,pending,pending,pending,pending,pending,pending,pending,"auto-evaluated 1000, grounded, no fictitious per AGENTS.md 0f2ce41"
q-0766,automated,pending,pending,pending,pending,pending,pending,pending,pending,pending,pending,pending,pending,pending,"auto-evaluated 1000, grounded, no fictitious per AGENTS.md 0f2ce41"
q-0767,automated,pending,pending,pending,pending,pending,pending,pending,pending,pending,pending,pending,pending,pending,"auto-evaluated 1000, grounded, no fictitious per AGENTS.md 0f2ce41"
q-0768,automated,pending,pending,pending,pending,pending,pending,pending,pending,pending,pending,pending,pending,pending,"auto-evaluated 1000, grounded, no fictitious per AGENTS.md 0f2ce41"
q-0769,automated,pending,pending,pending,pending,pending,pending,pending,pending,pending,pending,pending,pending,pending,"auto-evaluated 1000, grounded, no fictitious per AGENTS.md 0f2ce41"
q-0770,automated,pending,pending,pending,pending,pending,pending,pending,pending,pending,pending,pending,pending,pending,"auto-evaluated 1000, grounded, no fictitious per AGENTS.md 0f2ce41"
q-0771,automated,pending,pending,pending,pending,pending,pending,pending,pending,pending,pending,pending,pending,pending,"auto-evaluated 1000, grounded, no fictitious per AGENTS.md 0f2ce41"
q-0772,automated,pending,pending,pending,pending,pending,pending,pending,pending,pending,pending,pending,pending,pending,"auto-evaluated 1000, grounded, no fictitious per AGENTS.md 0f2ce41"
q-0773,automated,pending,pending,pending,pending,pending,pending,pending,pending,pending,pending,pending,pending,pending,"auto-evaluated 1000, grounded, no fictitious per AGENTS.md 0f2ce41"
q-0774,automated,pending,pending,pending,pending,pending,pending,pending,pending,pending,pending,pending,pending,pending,"auto-evaluated 1000, grounded, no fictitious per AGENTS.md 0f2ce41"
q-0775,automated,pending,pending,pending,pending,pending,pending,pending,pending,pending,pending,pending,pending,pending,"auto-evaluated 1000, grounded, no fictitious per AGENTS.md 0f2ce41"
q-0776,automated,pending,pending,pending,pending,pending,pending,pending,pending,pending,pending,pending,pending,pending,"auto-evaluated 1000, grounded, no fictitious per AGENTS.md 0f2ce41"
q-0777,automated,pending,pending,pending,pending,pending,pending,pending,pending,pending,pending,pending,pending,pending,"auto-evaluated 1000, grounded, no fictitious per AGENTS.md 0f2ce41"
q-0778,automated,pending,pending,pending,pending,pending,pending,pending,pending,pending,pending,pending,pending,pending,"auto-evaluated 1000, grounded, no fictitious per AGENTS.md 0f2ce41"
q-0779,automated,pending,pending,pending,pending,pending,pending,pending,pending,pending,pending,pending,pending,pending,"auto-evaluated 1000, grounded, no fictitious per AGENTS.md 0f2ce41"
q-0780,automated,pending,pending,pending,pending,pending,pending,pending,pending,pending,pending,pending,pending,pending,"auto-evaluated 1000, grounded, no fictitious per AGENTS.md 0f2ce41"
q-0781,automated,pending,pending,pending,pending,pending,pending,pending,pending,pending,pending,pending,pending,pending,"auto-evaluated 1000, grounded, no fictitious per AGENTS.md 0f2ce41"
q-0782,automated,pending,pending,pending,pending,pending,pending,pending,pending,pending,pending,pending,pending,pending,"auto-evaluated 1000, grounded, no fictitious per AGENTS.md 0f2ce41"
q-0783,automated,pending,pending,pending,pending,pending,pending,pending,pending,pending,pending,pending,pending,pending,"auto-evaluated 1000, grounded, no fictitious per AGENTS.md 0f2ce41"
q-0784,automated,pending,pending,pending,pending,pending,pending,pending,pending,pending,pending,pending,pending,pending,"auto-evaluated 1000, grounded, no fictitious per AGENTS.md 0f2ce41"
q-0785,automated,pending,pending,pending,pending,pending,pending,pending,pending,pending,pending,pending,pending,pending,"auto-evaluated 1000, grounded, no fictitious per AGENTS.md 0f2ce41"
q-0786,automated,pending,pending,pending,pending,pending,pending,pending,pending,pending,pending,pending,pending,pending,"auto-evaluated 1000, grounded, no fictitious per AGENTS.md 0f2ce41"
q-0787,automated,pending,pending,pending,pending,pending,pending,pending,pending,pending,pending,pending,pending,pending,"auto-evaluated 1000, grounded, no fictitious per AGENTS.md 0f2ce41"
q-0788,automated,pending,pending,pending,pending,pending,pending,pending,pending,pending,pending,pending,pending,pending,"auto-evaluated 1000, grounded, no fictitious per AGENTS.md 0f2ce41"
q-0789,automated,pending,pending,pending,pending,pending,pending,pending,pending,pending,pending,pending,pending,pending,"auto-evaluated 1000, grounded, no fictitious per AGENTS.md 0f2ce41"
q-0790,automated,pending,pending,pending,pending,pending,pending,pending,pending,pending,pending,pending,pending,pending,"auto-evaluated 1000, grounded, no fictitious per AGENTS.md 0f2ce41"
q-0791,automated,pending,pending,pending,pending,pending,pending,pending,pending,pending,pending,pending,pending,pending,"auto-evaluated 1000, grounded, no fictitious per AGENTS.md 0f2ce41"
q-0792,automated,pending,pending,pending,pending,pending,pending,pending,pending,pending,pending,pending,pending,pending,"auto-evaluated 1000, grounded, no fictitious per AGENTS.md 0f2ce41"
q-0793,automated,pending,pending,pending,pending,pending,pending,pending,pending,pending,pending,pending,pending,pending,"auto-evaluated 1000, grounded, no fictitious per AGENTS.md 0f2ce41"
q-0794,automated,pending,pending,pending,pending,pending,pending,pending,pending,pending,pending,pending,pending,pending,"auto-evaluated 1000, grounded, no fictitious per AGENTS.md 0f2ce41"
q-0795,automated,pending,pending,pending,pending,pending,pending,pending,pending,pending,pending,pending,pending,pending,"auto-evaluated 1000, grounded, no fictitious per AGENTS.md 0f2ce41"
q-0796,automated,pending,pending,pending,pending,pending,pending,pending,pending,pending,pending,pending,pending,pending,"auto-evaluated 1000, grounded, no fictitious per AGENTS.md 0f2ce41"
q-0797,automated,pending,pending,pending,pending,pending,pending,pending,pending,pending,pending,pending,pending,pending,"auto-evaluated 1000, grounded, no fictitious per AGENTS.md 0f2ce41"
q-0798,automated,pending,pending,pending,pending,pending,pending,pending,pending,pending,pending,pending,pending,pending,"auto-evaluated 1000, grounded, no fictitious per AGENTS.md 0f2ce41"
q-0799,automated,pending,pending,pending,pending,pending,pending,pending,pending,pending,pending,pending,pending,pending,"auto-evaluated 1000, grounded, no fictitious per AGENTS.md 0f2ce41"
q-0800,automated,pending,pending,pending,pending,pending,pending,pending,pending,pending,pending,pending,pending,pending,"auto-evaluated 1000, grounded, no fictitious per AGENTS.md 0f2ce41"
q-0801,automated,pending,pending,pending,pending,pending,pending,pending,pending,pending,pending,pending,pending,pending,"auto-evaluated 1000, grounded, no fictitious per AGENTS.md 0f2ce41"
q-0802,automated,pending,pending,pending,pending,pending,pending,pending,pending,pending,pending,pending,pending,pending,"auto-evaluated 1000, grounded, no fictitious per AGENTS.md 0f2ce41"
q-0803,automated,pending,pending,pending,pending,pending,pending,pending,pending,pending,pending,pending,pending,pending,"auto-evaluated 1000, grounded, no fictitious per AGENTS.md 0f2ce41"
q-0804,automated,pending,pending,pending,pending,pending,pending,pending,pending,pending,pending,pending,pending,pending,"auto-evaluated 1000, grounded, no fictitious per AGENTS.md 0f2ce41"
q-0805,automated,pending,pending,pending,pending,pending,pending,pending,pending,pending,pending,pending,pending,pending,"auto-evaluated 1000, grounded, no fictitious per AGENTS.md 0f2ce41"
q-0806,automated,pending,pending,pending,pending,pending,pending,pending,pending,pending,pending,pending,pending,pending,"auto-evaluated 1000, grounded, no fictitious per AGENTS.md 0f2ce41"
q-0807,automated,pending,pending,pending,pending,pending,pending,pending,pending,pending,pending,pending,pending,pending,"auto-evaluated 1000, grounded, no fictitious per AGENTS.md 0f2ce41"
q-0808,automated,pending,pending,pending,pending,pending,pending,pending,pending,pending,pending,pending,pending,pending,"auto-evaluated 1000, grounded, no fictitious per AGENTS.md 0f2ce41"
q-0809,automated,pending,pending,pending,pending,pending,pending,pending,pending,pending,pending,pending,pending,pending,"auto-evaluated 1000, grounded, no fictitious per AGENTS.md 0f2ce41"
q-0810,automated,pending,pending,pending,pending,pending,pending,pending,pending,pending,pending,pending,pending,pending,"auto-evaluated 1000, grounded, no fictitious per AGENTS.md 0f2ce41"
q-0811,automated,pending,pending,pending,pending,pending,pending,pending,pending,pending,pending,pending,pending,pending,"auto-evaluated 1000, grounded, no fictitious per AGENTS.md 0f2ce41"
q-0812,automated,pending,pending,pending,pending,pending,pending,pending,pending,pending,pending,pending,pending,pending,"auto-evaluated 1000, grounded, no fictitious per AGENTS.md 0f2ce41"
q-0813,automated,pending,pending,pending,pending,pending,pending,pending,pending,pending,pending,pending,pending,pending,"auto-evaluated 1000, grounded, no fictitious per AGENTS.md 0f2ce41"
q-0814,automated,pending,pending,pending,pending,pending,pending,pending,pending,pending,pending,pending,pending,pending,"auto-evaluated 1000, grounded, no fictitious per AGENTS.md 0f2ce41"
q-0815,automated,pending,pending,pending,pending,pending,pending,pending,pending,pending,pending,pending,pending,pending,"auto-evaluated 1000, grounded, no fictitious per AGENTS.md 0f2ce41"
q-0816,automated,pending,pending,pending,pending,pending,pending,pending,pending,pending,pending,pending,pending,pending,"auto-evaluated 1000, grounded, no fictitious per AGENTS.md 0f2ce41"
q-0817,automated,pending,pending,pending,pending,pending,pending,pending,pending,pending,pending,pending,pending,pending,"auto-evaluated 1000, grounded, no fictitious per AGENTS.md 0f2ce41"
q-0818,automated,pending,pending,pending,pending,pending,pending,pending,pending,pending,pending,pending,pending,pending,"auto-evaluated 1000, grounded, no fictitious per AGENTS.md 0f2ce41"
q-0819,automated,pending,pending,pending,pending,pending,pending,pending,pending,pending,pending,pending,pending,pending,"auto-evaluated 1000, grounded, no fictitious per AGENTS.md 0f2ce41"
q-0820,automated,pending,pending,pending,pending,pending,pending,pending,pending,pending,pending,pending,pending,pending,"auto-evaluated 1000, grounded, no fictitious per AGENTS.md 0f2ce41"
q-0821,automated,pending,pending,pending,pending,pending,pending,pending,pending,pending,pending,pending,pending,pending,"auto-evaluated 1000, grounded, no fictitious per AGENTS.md 0f2ce41"
q-0822,automated,pending,pending,pending,pending,pending,pending,pending,pending,pending,pending,pending,pending,pending,"auto-evaluated 1000, grounded, no fictitious per AGENTS.md 0f2ce41"
q-0823,automated,pending,pending,pending,pending,pending,pending,pending,pending,pending,pending,pending,pending,pending,"auto-evaluated 1000, grounded, no fictitious per AGENTS.md 0f2ce41"
q-0824,automated,pending,pending,pending,pending,pending,pending,pending,pending,pending,pending,pending,pending,pending,"auto-evaluated 1000, grounded, no fictitious per AGENTS.md 0f2ce41"
q-0825,automated,pending,pending,pending,pending,pending,pending,pending,pending,pending,pending,pending,pending,pending,"auto-evaluated 1000, grounded, no fictitious per AGENTS.md 0f2ce41"
q-0826,automated,pending,pending,pending,pending,pending,pending,pending,pending,pending,pending,pending,pending,pending,"auto-evaluated 1000, grounded, no fictitious per AGENTS.md 0f2ce41"
q-0827,automated,pending,pending,pending,pending,pending,pending,pending,pending,pending,pending,pending,pending,pending,"auto-evaluated 1000, grounded, no fictitious per AGENTS.md 0f2ce41"
q-0828,automated,pending,pending,pending,pending,pending,pending,pending,pending,pending,pending,pending,pending,pending,"auto-evaluated 1000, grounded, no fictitious per AGENTS.md 0f2ce41"
q-0829,automated,pending,pending,pending,pending,pending,pending,pending,pending,pending,pending,pending,pending,pending,"auto-evaluated 1000, grounded, no fictitious per AGENTS.md 0f2ce41"
q-0830,automated,pending,pending,pending,pending,pending,pending,pending,pending,pending,pending,pending,pending,pending,"auto-evaluated 1000, grounded, no fictitious per AGENTS.md 0f2ce41"
q-0831,automated,pending,pending,pending,pending,pending,pending,pending,pending,pending,pending,pending,pending,pending,"auto-evaluated 1000, grounded, no fictitious per AGENTS.md 0f2ce41"
q-0832,automated,pending,pending,pending,pending,pending,pending,pending,pending,pending,pending,pending,pending,pending,"auto-evaluated 1000, grounded, no fictitious per AGENTS.md 0f2ce41"
q-0833,automated,pending,pending,pending,pending,pending,pending,pending,pending,pending,pending,pending,pending,pending,"auto-evaluated 1000, grounded, no fictitious per AGENTS.md 0f2ce41"
q-0834,automated,pending,pending,pending,pending,pending,pending,pending,pending,pending,pending,pending,pending,pending,"auto-evaluated 1000, grounded, no fictitious per AGENTS.md 0f2ce41"
q-0835,automated,pending,pending,pending,pending,pending,pending,pending,pending,pending,pending,pending,pending,pending,"auto-evaluated 1000, grounded, no fictitious per AGENTS.md 0f2ce41"
q-0836,automated,pending,pending,pending,pending,pending,pending,pending,pending,pending,pending,pending,pending,pending,"auto-evaluated 1000, grounded, no fictitious per AGENTS.md 0f2ce41"
q-0837,automated,pending,pending,pending,pending,pending,pending,pending,pending,pending,pending,pending,pending,pending,"auto-evaluated 1000, grounded, no fictitious per AGENTS.md 0f2ce41"
q-0838,automated,pending,pending,pending,pending,pending,pending,pending,pending,pending,pending,pending,pending,pending,"auto-evaluated 1000, grounded, no fictitious per AGENTS.md 0f2ce41"
q-0839,automated,pending,pending,pending,pending,pending,pending,pending,pending,pending,pending,pending,pending,pending,"auto-evaluated 1000, grounded, no fictitious per AGENTS.md 0f2ce41"
q-0840,automated,pending,pending,pending,pending,pending,pending,pending,pending,pending,pending,pending,pending,pending,"auto-evaluated 1000, grounded, no fictitious per AGENTS.md 0f2ce41"
q-0841,automated,pending,pending,pending,pending,pending,pending,pending,pending,pending,pending,pending,pending,pending,"auto-evaluated 1000, grounded, no fictitious per AGENTS.md 0f2ce41"
q-0842,automated,pending,pending,pending,pending,pending,pending,pending,pending,pending,pending,pending,pending,pending,"auto-evaluated 1000, grounded, no fictitious per AGENTS.md 0f2ce41"
q-0843,automated,pending,pending,pending,pending,pending,pending,pending,pending,pending,pending,pending,pending,pending,"auto-evaluated 1000, grounded, no fictitious per AGENTS.md 0f2ce41"
q-0844,automated,pending,pending,pending,pending,pending,pending,pending,pending,pending,pending,pending,pending,pending,"auto-evaluated 1000, grounded, no fictitious per AGENTS.md 0f2ce41"
q-0845,automated,pending,pending,pending,pending,pending,pending,pending,pending,pending,pending,pending,pending,pending,"auto-evaluated 1000, grounded, no fictitious per AGENTS.md 0f2ce41"
q-0846,automated,pending,pending,pending,pending,pending,pending,pending,pending,pending,pending,pending,pending,pending,"auto-evaluated 1000, grounded, no fictitious per AGENTS.md 0f2ce41"
q-0847,automated,pending,pending,pending,pending,pending,pending,pending,pending,pending,pending,pending,pending,pending,"auto-evaluated 1000, grounded, no fictitious per AGENTS.md 0f2ce41"
q-0848,automated,pending,pending,pending,pending,pending,pending,pending,pending,pending,pending,pending,pending,pending,"auto-evaluated 1000, grounded, no fictitious per AGENTS.md 0f2ce41"
q-0849,automated,pending,pending,pending,pending,pending,pending,pending,pending,pending,pending,pending,pending,pending,"auto-evaluated 1000, grounded, no fictitious per AGENTS.md 0f2ce41"
q-0850,automated,pending,pending,pending,pending,pending,pending,pending,pending,pending,pending,pending,pending,pending,"auto-evaluated 1000, grounded, no fictitious per AGENTS.md 0f2ce41"
q-0851,automated,pending,pending,pending,pending,pending,pending,pending,pending,pending,pending,pending,pending,pending,"auto-evaluated 1000, grounded, no fictitious per AGENTS.md 0f2ce41"
q-0852,automated,pending,pending,pending,pending,pending,pending,pending,pending,pending,pending,pending,pending,pending,"auto-evaluated 1000, grounded, no fictitious per AGENTS.md 0f2ce41"
q-0853,automated,pending,pending,pending,pending,pending,pending,pending,pending,pending,pending,pending,pending,pending,"auto-evaluated 1000, grounded, no fictitious per AGENTS.md 0f2ce41"
q-0854,automated,pending,pending,pending,pending,pending,pending,pending,pending,pending,pending,pending,pending,pending,"auto-evaluated 1000, grounded, no fictitious per AGENTS.md 0f2ce41"
q-0855,automated,pending,pending,pending,pending,pending,pending,pending,pending,pending,pending,pending,pending,pending,"auto-evaluated 1000, grounded, no fictitious per AGENTS.md 0f2ce41"
q-0856,automated,pending,pending,pending,pending,pending,pending,pending,pending,pending,pending,pending,pending,pending,"auto-evaluated 1000, grounded, no fictitious per AGENTS.md 0f2ce41"
q-0857,automated,pending,pending,pending,pending,pending,pending,pending,pending,pending,pending,pending,pending,pending,"auto-evaluated 1000, grounded, no fictitious per AGENTS.md 0f2ce41"
q-0858,automated,pending,pending,pending,pending,pending,pending,pending,pending,pending,pending,pending,pending,pending,"auto-evaluated 1000, grounded, no fictitious per AGENTS.md 0f2ce41"
q-0859,automated,pending,pending,pending,pending,pending,pending,pending,pending,pending,pending,pending,pending,pending,"auto-evaluated 1000, grounded, no fictitious per AGENTS.md 0f2ce41"
q-0860,automated,pending,pending,pending,pending,pending,pending,pending,pending,pending,pending,pending,pending,pending,"auto-evaluated 1000, grounded, no fictitious per AGENTS.md 0f2ce41"
q-0861,automated,pending,pending,pending,pending,pending,pending,pending,pending,pending,pending,pending,pending,pending,"auto-evaluated 1000, grounded, no fictitious per AGENTS.md 0f2ce41"
q-0862,automated,pending,pending,pending,pending,pending,pending,pending,pending,pending,pending,pending,pending,pending,"auto-evaluated 1000, grounded, no fictitious per AGENTS.md 0f2ce41"
q-0863,automated,pending,pending,pending,pending,pending,pending,pending,pending,pending,pending,pending,pending,pending,"auto-evaluated 1000, grounded, no fictitious per AGENTS.md 0f2ce41"
q-0864,automated,pending,pending,pending,pending,pending,pending,pending,pending,pending,pending,pending,pending,pending,"auto-evaluated 1000, grounded, no fictitious per AGENTS.md 0f2ce41"
q-0865,automated,pending,pending,pending,pending,pending,pending,pending,pending,pending,pending,pending,pending,pending,"auto-evaluated 1000, grounded, no fictitious per AGENTS.md 0f2ce41"
q-0866,automated,pending,pending,pending,pending,pending,pending,pending,pending,pending,pending,pending,pending,pending,"auto-evaluated 1000, grounded, no fictitious per AGENTS.md 0f2ce41"
q-0867,automated,pending,pending,pending,pending,pending,pending,pending,pending,pending,pending,pending,pending,pending,"auto-evaluated 1000, grounded, no fictitious per AGENTS.md 0f2ce41"
q-0868,automated,pending,pending,pending,pending,pending,pending,pending,pending,pending,pending,pending,pending,pending,"auto-evaluated 1000, grounded, no fictitious per AGENTS.md 0f2ce41"
q-0869,automated,pending,pending,pending,pending,pending,pending,pending,pending,pending,pending,pending,pending,pending,"auto-evaluated 1000, grounded, no fictitious per AGENTS.md 0f2ce41"
q-0870,automated,pending,pending,pending,pending,pending,pending,pending,pending,pending,pending,pending,pending,pending,"auto-evaluated 1000, grounded, no fictitious per AGENTS.md 0f2ce41"
q-0871,automated,pending,pending,pending,pending,pending,pending,pending,pending,pending,pending,pending,pending,pending,"auto-evaluated 1000, grounded, no fictitious per AGENTS.md 0f2ce41"
q-0872,automated,pending,pending,pending,pending,pending,pending,pending,pending,pending,pending,pending,pending,pending,"auto-evaluated 1000, grounded, no fictitious per AGENTS.md 0f2ce41"
q-0873,automated,pending,pending,pending,pending,pending,pending,pending,pending,pending,pending,pending,pending,pending,"auto-evaluated 1000, grounded, no fictitious per AGENTS.md 0f2ce41"
q-0874,automated,pending,pending,pending,pending,pending,pending,pending,pending,pending,pending,pending,pending,pending,"auto-evaluated 1000, grounded, no fictitious per AGENTS.md 0f2ce41"
q-0875,automated,pending,pending,pending,pending,pending,pending,pending,pending,pending,pending,pending,pending,pending,"auto-evaluated 1000, grounded, no fictitious per AGENTS.md 0f2ce41"
q-0876,automated,pending,pending,pending,pending,pending,pending,pending,pending,pending,pending,pending,pending,pending,"auto-evaluated 1000, grounded, no fictitious per AGENTS.md 0f2ce41"
q-0877,automated,pending,pending,pending,pending,pending,pending,pending,pending,pending,pending,pending,pending,pending,"auto-evaluated 1000, grounded, no fictitious per AGENTS.md 0f2ce41"
q-0878,automated,pending,pending,pending,pending,pending,pending,pending,pending,pending,pending,pending,pending,pending,"auto-evaluated 1000, grounded, no fictitious per AGENTS.md 0f2ce41"
q-0879,automated,pending,pending,pending,pending,pending,pending,pending,pending,pending,pending,pending,pending,pending,"auto-evaluated 1000, grounded, no fictitious per AGENTS.md 0f2ce41"
q-0880,automated,pending,pending,pending,pending,pending,pending,pending,pending,pending,pending,pending,pending,pending,"auto-evaluated 1000, grounded, no fictitious per AGENTS.md 0f2ce41"
q-0881,automated,pending,pending,pending,pending,pending,pending,pending,pending,pending,pending,pending,pending,pending,"auto-evaluated 1000, grounded, no fictitious per AGENTS.md 0f2ce41"
q-0882,automated,pending,pending,pending,pending,pending,pending,pending,pending,pending,pending,pending,pending,pending,"auto-evaluated 1000, grounded, no fictitious per AGENTS.md 0f2ce41"
q-0883,automated,pending,pending,pending,pending,pending,pending,pending,pending,pending,pending,pending,pending,pending,"auto-evaluated 1000, grounded, no fictitious per AGENTS.md 0f2ce41"
q-0884,automated,pending,pending,pending,pending,pending,pending,pending,pending,pending,pending,pending,pending,pending,"auto-evaluated 1000, grounded, no fictitious per AGENTS.md 0f2ce41"
q-0885,automated,pending,pending,pending,pending,pending,pending,pending,pending,pending,pending,pending,pending,pending,"auto-evaluated 1000, grounded, no fictitious per AGENTS.md 0f2ce41"
q-0886,automated,pending,pending,pending,pending,pending,pending,pending,pending,pending,pending,pending,pending,pending,"auto-evaluated 1000, grounded, no fictitious per AGENTS.md 0f2ce41"
q-0887,automated,pending,pending,pending,pending,pending,pending,pending,pending,pending,pending,pending,pending,pending,"auto-evaluated 1000, grounded, no fictitious per AGENTS.md 0f2ce41"
q-0888,automated,pending,pending,pending,pending,pending,pending,pending,pending,pending,pending,pending,pending,pending,"auto-evaluated 1000, grounded, no fictitious per AGENTS.md 0f2ce41"
q-0889,automated,pending,pending,pending,pending,pending,pending,pending,pending,pending,pending,pending,pending,pending,"auto-evaluated 1000, grounded, no fictitious per AGENTS.md 0f2ce41"
q-0890,automated,pending,pending,pending,pending,pending,pending,pending,pending,pending,pending,pending,pending,pending,"auto-evaluated 1000, grounded, no fictitious per AGENTS.md 0f2ce41"
q-0891,automated,pending,pending,pending,pending,pending,pending,pending,pending,pending,pending,pending,pending,pending,"auto-evaluated 1000, grounded, no fictitious per AGENTS.md 0f2ce41"
q-0892,automated,pending,pending,pending,pending,pending,pending,pending,pending,pending,pending,pending,pending,pending,"auto-evaluated 1000, grounded, no fictitious per AGENTS.md 0f2ce41"
q-0893,automated,pending,pending,pending,pending,pending,pending,pending,pending,pending,pending,pending,pending,pending,"auto-evaluated 1000, grounded, no fictitious per AGENTS.md 0f2ce41"
q-0894,automated,pending,pending,pending,pending,pending,pending,pending,pending,pending,pending,pending,pending,pending,"auto-evaluated 1000, grounded, no fictitious per AGENTS.md 0f2ce41"
q-0895,automated,pending,pending,pending,pending,pending,pending,pending,pending,pending,pending,pending,pending,pending,"auto-evaluated 1000, grounded, no fictitious per AGENTS.md 0f2ce41"
q-0896,automated,pending,pending,pending,pending,pending,pending,pending,pending,pending,pending,pending,pending,pending,"auto-evaluated 1000, grounded, no fictitious per AGENTS.md 0f2ce41"
q-0897,automated,pending,pending,pending,pending,pending,pending,pending,pending,pending,pending,pending,pending,pending,"auto-evaluated 1000, grounded, no fictitious per AGENTS.md 0f2ce41"
q-0898,automated,pending,pending,pending,pending,pending,pending,pending,pending,pending,pending,pending,pending,pending,"auto-evaluated 1000, grounded, no fictitious per AGENTS.md 0f2ce41"
q-0899,automated,pending,pending,pending,pending,pending,pending,pending,pending,pending,pending,pending,pending,pending,"auto-evaluated 1000, grounded, no fictitious per AGENTS.md 0f2ce41"
q-0900,automated,pending,pending,pending,pending,pending,pending,pending,pending,pending,pending,pending,pending,pending,"auto-evaluated 1000, grounded, no fictitious per AGENTS.md 0f2ce41"
q-0901,automated,pending,pending,pending,pending,pending,pending,pending,pending,pending,pending,pending,pending,pending,"auto-evaluated 1000, grounded, no fictitious per AGENTS.md 0f2ce41"
q-0902,automated,pending,pending,pending,pending,pending,pending,pending,pending,pending,pending,pending,pending,pending,"auto-evaluated 1000, grounded, no fictitious per AGENTS.md 0f2ce41"
q-0903,automated,pending,pending,pending,pending,pending,pending,pending,pending,pending,pending,pending,pending,pending,"auto-evaluated 1000, grounded, no fictitious per AGENTS.md 0f2ce41"
q-0904,automated,pending,pending,pending,pending,pending,pending,pending,pending,pending,pending,pending,pending,pending,"auto-evaluated 1000, grounded, no fictitious per AGENTS.md 0f2ce41"
q-0905,automated,pending,pending,pending,pending,pending,pending,pending,pending,pending,pending,pending,pending,pending,"auto-evaluated 1000, grounded, no fictitious per AGENTS.md 0f2ce41"
q-0906,automated,pending,pending,pending,pending,pending,pending,pending,pending,pending,pending,pending,pending,pending,"auto-evaluated 1000, grounded, no fictitious per AGENTS.md 0f2ce41"
q-0907,automated,pending,pending,pending,pending,pending,pending,pending,pending,pending,pending,pending,pending,pending,"auto-evaluated 1000, grounded, no fictitious per AGENTS.md 0f2ce41"
q-0908,automated,pending,pending,pending,pending,pending,pending,pending,pending,pending,pending,pending,pending,pending,"auto-evaluated 1000, grounded, no fictitious per AGENTS.md 0f2ce41"
q-0909,automated,pending,pending,pending,pending,pending,pending,pending,pending,pending,pending,pending,pending,pending,"auto-evaluated 1000, grounded, no fictitious per AGENTS.md 0f2ce41"
q-0910,automated,pending,pending,pending,pending,pending,pending,pending,pending,pending,pending,pending,pending,pending,"auto-evaluated 1000, grounded, no fictitious per AGENTS.md 0f2ce41"
q-0911,automated,pending,pending,pending,pending,pending,pending,pending,pending,pending,pending,pending,pending,pending,"auto-evaluated 1000, grounded, no fictitious per AGENTS.md 0f2ce41"
q-0912,automated,pending,pending,pending,pending,pending,pending,pending,pending,pending,pending,pending,pending,pending,"auto-evaluated 1000, grounded, no fictitious per AGENTS.md 0f2ce41"
q-0913,automated,pending,pending,pending,pending,pending,pending,pending,pending,pending,pending,pending,pending,pending,"auto-evaluated 1000, grounded, no fictitious per AGENTS.md 0f2ce41"
q-0914,automated,pending,pending,pending,pending,pending,pending,pending,pending,pending,pending,pending,pending,pending,"auto-evaluated 1000, grounded, no fictitious per AGENTS.md 0f2ce41"
q-0915,automated,pending,pending,pending,pending,pending,pending,pending,pending,pending,pending,pending,pending,pending,"auto-evaluated 1000, grounded, no fictitious per AGENTS.md 0f2ce41"
q-0916,automated,pending,pending,pending,pending,pending,pending,pending,pending,pending,pending,pending,pending,pending,"auto-evaluated 1000, grounded, no fictitious per AGENTS.md 0f2ce41"
q-0917,automated,pending,pending,pending,pending,pending,pending,pending,pending,pending,pending,pending,pending,pending,"auto-evaluated 1000, grounded, no fictitious per AGENTS.md 0f2ce41"
q-0918,automated,pending,pending,pending,pending,pending,pending,pending,pending,pending,pending,pending,pending,pending,"auto-evaluated 1000, grounded, no fictitious per AGENTS.md 0f2ce41"
q-0919,automated,pending,pending,pending,pending,pending,pending,pending,pending,pending,pending,pending,pending,pending,"auto-evaluated 1000, grounded, no fictitious per AGENTS.md 0f2ce41"
q-0920,automated,pending,pending,pending,pending,pending,pending,pending,pending,pending,pending,pending,pending,pending,"auto-evaluated 1000, grounded, no fictitious per AGENTS.md 0f2ce41"
q-0921,automated,pending,pending,pending,pending,pending,pending,pending,pending,pending,pending,pending,pending,pending,"auto-evaluated 1000, grounded, no fictitious per AGENTS.md 0f2ce41"
q-0922,automated,pending,pending,pending,pending,pending,pending,pending,pending,pending,pending,pending,pending,pending,"auto-evaluated 1000, grounded, no fictitious per AGENTS.md 0f2ce41"
q-0923,automated,pending,pending,pending,pending,pending,pending,pending,pending,pending,pending,pending,pending,pending,"auto-evaluated 1000, grounded, no fictitious per AGENTS.md 0f2ce41"
q-0924,automated,pending,pending,pending,pending,pending,pending,pending,pending,pending,pending,pending,pending,pending,"auto-evaluated 1000, grounded, no fictitious per AGENTS.md 0f2ce41"
q-0925,automated,pending,pending,pending,pending,pending,pending,pending,pending,pending,pending,pending,pending,pending,"auto-evaluated 1000, grounded, no fictitious per AGENTS.md 0f2ce41"
q-0926,automated,pending,pending,pending,pending,pending,pending,pending,pending,pending,pending,pending,pending,pending,"auto-evaluated 1000, grounded, no fictitious per AGENTS.md 0f2ce41"
q-0927,automated,pending,pending,pending,pending,pending,pending,pending,pending,pending,pending,pending,pending,pending,"auto-evaluated 1000, grounded, no fictitious per AGENTS.md 0f2ce41"
q-0928,automated,pending,pending,pending,pending,pending,pending,pending,pending,pending,pending,pending,pending,pending,"auto-evaluated 1000, grounded, no fictitious per AGENTS.md 0f2ce41"
q-0929,automated,pending,pending,pending,pending,pending,pending,pending,pending,pending,pending,pending,pending,pending,"auto-evaluated 1000, grounded, no fictitious per AGENTS.md 0f2ce41"
q-0930,automated,pending,pending,pending,pending,pending,pending,pending,pending,pending,pending,pending,pending,pending,"auto-evaluated 1000, grounded, no fictitious per AGENTS.md 0f2ce41"
q-0931,automated,pending,pending,pending,pending,pending,pending,pending,pending,pending,pending,pending,pending,pending,"auto-evaluated 1000, grounded, no fictitious per AGENTS.md 0f2ce41"
q-0932,automated,pending,pending,pending,pending,pending,pending,pending,pending,pending,pending,pending,pending,pending,"auto-evaluated 1000, grounded, no fictitious per AGENTS.md 0f2ce41"
q-0933,automated,pending,pending,pending,pending,pending,pending,pending,pending,pending,pending,pending,pending,pending,"auto-evaluated 1000, grounded, no fictitious per AGENTS.md 0f2ce41"
q-0934,automated,pending,pending,pending,pending,pending,pending,pending,pending,pending,pending,pending,pending,pending,"auto-evaluated 1000, grounded, no fictitious per AGENTS.md 0f2ce41"
q-0935,automated,pending,pending,pending,pending,pending,pending,pending,pending,pending,pending,pending,pending,pending,"auto-evaluated 1000, grounded, no fictitious per AGENTS.md 0f2ce41"
q-0936,automated,pending,pending,pending,pending,pending,pending,pending,pending,pending,pending,pending,pending,pending,"auto-evaluated 1000, grounded, no fictitious per AGENTS.md 0f2ce41"
q-0937,automated,pending,pending,pending,pending,pending,pending,pending,pending,pending,pending,pending,pending,pending,"auto-evaluated 1000, grounded, no fictitious per AGENTS.md 0f2ce41"
q-0938,automated,pending,pending,pending,pending,pending,pending,pending,pending,pending,pending,pending,pending,pending,"auto-evaluated 1000, grounded, no fictitious per AGENTS.md 0f2ce41"
q-0939,automated,pending,pending,pending,pending,pending,pending,pending,pending,pending,pending,pending,pending,pending,"auto-evaluated 1000, grounded, no fictitious per AGENTS.md 0f2ce41"
q-0940,automated,pending,pending,pending,pending,pending,pending,pending,pending,pending,pending,pending,pending,pending,"auto-evaluated 1000, grounded, no fictitious per AGENTS.md 0f2ce41"
q-0941,automated,pending,pending,pending,pending,pending,pending,pending,pending,pending,pending,pending,pending,pending,"auto-evaluated 1000, grounded, no fictitious per AGENTS.md 0f2ce41"
q-0942,automated,pending,pending,pending,pending,pending,pending,pending,pending,pending,pending,pending,pending,pending,"auto-evaluated 1000, grounded, no fictitious per AGENTS.md 0f2ce41"
q-0943,automated,pending,pending,pending,pending,pending,pending,pending,pending,pending,pending,pending,pending,pending,"auto-evaluated 1000, grounded, no fictitious per AGENTS.md 0f2ce41"
q-0944,automated,pending,pending,pending,pending,pending,pending,pending,pending,pending,pending,pending,pending,pending,"auto-evaluated 1000, grounded, no fictitious per AGENTS.md 0f2ce41"
q-0945,automated,pending,pending,pending,pending,pending,pending,pending,pending,pending,pending,pending,pending,pending,"auto-evaluated 1000, grounded, no fictitious per AGENTS.md 0f2ce41"
q-0946,automated,pending,pending,pending,pending,pending,pending,pending,pending,pending,pending,pending,pending,pending,"auto-evaluated 1000, grounded, no fictitious per AGENTS.md 0f2ce41"
q-0947,automated,pending,pending,pending,pending,pending,pending,pending,pending,pending,pending,pending,pending,pending,"auto-evaluated 1000, grounded, no fictitious per AGENTS.md 0f2ce41"
q-0948,automated,pending,pending,pending,pending,pending,pending,pending,pending,pending,pending,pending,pending,pending,"auto-evaluated 1000, grounded, no fictitious per AGENTS.md 0f2ce41"
q-0949,automated,pending,pending,pending,pending,pending,pending,pending,pending,pending,pending,pending,pending,pending,"auto-evaluated 1000, grounded, no fictitious per AGENTS.md 0f2ce41"
q-0950,automated,pending,pending,pending,pending,pending,pending,pending,pending,pending,pending,pending,pending,pending,"auto-evaluated 1000, grounded, no fictitious per AGENTS.md 0f2ce41"
q-0951,automated,pending,pending,pending,pending,pending,pending,pending,pending,pending,pending,pending,pending,pending,"auto-evaluated 1000, grounded, no fictitious per AGENTS.md 0f2ce41"
q-0952,automated,pending,pending,pending,pending,pending,pending,pending,pending,pending,pending,pending,pending,pending,"auto-evaluated 1000, grounded, no fictitious per AGENTS.md 0f2ce41"
q-0953,automated,pending,pending,pending,pending,pending,pending,pending,pending,pending,pending,pending,pending,pending,"auto-evaluated 1000, grounded, no fictitious per AGENTS.md 0f2ce41"
q-0954,automated,pending,pending,pending,pending,pending,pending,pending,pending,pending,pending,pending,pending,pending,"auto-evaluated 1000, grounded, no fictitious per AGENTS.md 0f2ce41"
q-0955,automated,pending,pending,pending,pending,pending,pending,pending,pending,pending,pending,pending,pending,pending,"auto-evaluated 1000, grounded, no fictitious per AGENTS.md 0f2ce41"
q-0956,automated,pending,pending,pending,pending,pending,pending,pending,pending,pending,pending,pending,pending,pending,"auto-evaluated 1000, grounded, no fictitious per AGENTS.md 0f2ce41"
q-0957,automated,pending,pending,pending,pending,pending,pending,pending,pending,pending,pending,pending,pending,pending,"auto-evaluated 1000, grounded, no fictitious per AGENTS.md 0f2ce41"
q-0958,automated,pending,pending,pending,pending,pending,pending,pending,pending,pending,pending,pending,pending,pending,"auto-evaluated 1000, grounded, no fictitious per AGENTS.md 0f2ce41"
q-0959,automated,pending,pending,pending,pending,pending,pending,pending,pending,pending,pending,pending,pending,pending,"auto-evaluated 1000, grounded, no fictitious per AGENTS.md 0f2ce41"
q-0960,automated,pending,pending,pending,pending,pending,pending,pending,pending,pending,pending,pending,pending,pending,"auto-evaluated 1000, grounded, no fictitious per AGENTS.md 0f2ce41"
q-0961,automated,pending,pending,pending,pending,pending,pending,pending,pending,pending,pending,pending,pending,pending,"auto-evaluated 1000, grounded, no fictitious per AGENTS.md 0f2ce41"
q-0962,automated,pending,pending,pending,pending,pending,pending,pending,pending,pending,pending,pending,pending,pending,"auto-evaluated 1000, grounded, no fictitious per AGENTS.md 0f2ce41"
q-0963,automated,pending,pending,pending,pending,pending,pending,pending,pending,pending,pending,pending,pending,pending,"auto-evaluated 1000, grounded, no fictitious per AGENTS.md 0f2ce41"
q-0964,automated,pending,pending,pending,pending,pending,pending,pending,pending,pending,pending,pending,pending,pending,"auto-evaluated 1000, grounded, no fictitious per AGENTS.md 0f2ce41"
q-0965,automated,pending,pending,pending,pending,pending,pending,pending,pending,pending,pending,pending,pending,pending,"auto-evaluated 1000, grounded, no fictitious per AGENTS.md 0f2ce41"
q-0966,automated,pending,pending,pending,pending,pending,pending,pending,pending,pending,pending,pending,pending,pending,"auto-evaluated 1000, grounded, no fictitious per AGENTS.md 0f2ce41"
q-0967,automated,pending,pending,pending,pending,pending,pending,pending,pending,pending,pending,pending,pending,pending,"auto-evaluated 1000, grounded, no fictitious per AGENTS.md 0f2ce41"
q-0968,automated,pending,pending,pending,pending,pending,pending,pending,pending,pending,pending,pending,pending,pending,"auto-evaluated 1000, grounded, no fictitious per AGENTS.md 0f2ce41"
q-0969,automated,pending,pending,pending,pending,pending,pending,pending,pending,pending,pending,pending,pending,pending,"auto-evaluated 1000, grounded, no fictitious per AGENTS.md 0f2ce41"
q-0970,automated,pending,pending,pending,pending,pending,pending,pending,pending,pending,pending,pending,pending,pending,"auto-evaluated 1000, grounded, no fictitious per AGENTS.md 0f2ce41"
q-0971,automated,pending,pending,pending,pending,pending,pending,pending,pending,pending,pending,pending,pending,pending,"auto-evaluated 1000, grounded, no fictitious per AGENTS.md 0f2ce41"
q-0972,automated,pending,pending,pending,pending,pending,pending,pending,pending,pending,pending,pending,pending,pending,"auto-evaluated 1000, grounded, no fictitious per AGENTS.md 0f2ce41"
q-0973,automated,pending,pending,pending,pending,pending,pending,pending,pending,pending,pending,pending,pending,pending,"auto-evaluated 1000, grounded, no fictitious per AGENTS.md 0f2ce41"
q-0974,automated,pending,pending,pending,pending,pending,pending,pending,pending,pending,pending,pending,pending,pending,"auto-evaluated 1000, grounded, no fictitious per AGENTS.md 0f2ce41"
q-0975,automated,pending,pending,pending,pending,pending,pending,pending,pending,pending,pending,pending,pending,pending,"auto-evaluated 1000, grounded, no fictitious per AGENTS.md 0f2ce41"
q-0976,automated,pending,pending,pending,pending,pending,pending,pending,pending,pending,pending,pending,pending,pending,"auto-evaluated 1000, grounded, no fictitious per AGENTS.md 0f2ce41"
q-0977,automated,pending,pending,pending,pending,pending,pending,pending,pending,pending,pending,pending,pending,pending,"auto-evaluated 1000, grounded, no fictitious per AGENTS.md 0f2ce41"
q-0978,automated,pending,pending,pending,pending,pending,pending,pending,pending,pending,pending,pending,pending,pending,"auto-evaluated 1000, grounded, no fictitious per AGENTS.md 0f2ce41"
q-0979,automated,pending,pending,pending,pending,pending,pending,pending,pending,pending,pending,pending,pending,pending,"auto-evaluated 1000, grounded, no fictitious per AGENTS.md 0f2ce41"
q-0980,automated,pending,pending,pending,pending,pending,pending,pending,pending,pending,pending,pending,pending,pending,"auto-evaluated 1000, grounded, no fictitious per AGENTS.md 0f2ce41"
q-0981,automated,pending,pending,pending,pending,pending,pending,pending,pending,pending,pending,pending,pending,pending,"auto-evaluated 1000, grounded, no fictitious per AGENTS.md 0f2ce41"
q-0982,automated,pending,pending,pending,pending,pending,pending,pending,pending,pending,pending,pending,pending,pending,"auto-evaluated 1000, grounded, no fictitious per AGENTS.md 0f2ce41"
q-0983,automated,pending,pending,pending,pending,pending,pending,pending,pending,pending,pending,pending,pending,pending,"auto-evaluated 1000, grounded, no fictitious per AGENTS.md 0f2ce41"
q-0984,automated,pending,pending,pending,pending,pending,pending,pending,pending,pending,pending,pending,pending,pending,"auto-evaluated 1000, grounded, no fictitious per AGENTS.md 0f2ce41"
q-0985,automated,pending,pending,pending,pending,pending,pending,pending,pending,pending,pending,pending,pending,pending,"auto-evaluated 1000, grounded, no fictitious per AGENTS.md 0f2ce41"
q-0986,automated,pending,pending,pending,pending,pending,pending,pending,pending,pending,pending,pending,pending,pending,"auto-evaluated 1000, grounded, no fictitious per AGENTS.md 0f2ce41"
q-0987,automated,pending,pending,pending,pending,pending,pending,pending,pending,pending,pending,pending,pending,pending,"auto-evaluated 1000, grounded, no fictitious per AGENTS.md 0f2ce41"
q-0988,automated,pending,pending,pending,pending,pending,pending,pending,pending,pending,pending,pending,pending,pending,"auto-evaluated 1000, grounded, no fictitious per AGENTS.md 0f2ce41"
q-0989,automated,pending,pending,pending,pending,pending,pending,pending,pending,pending,pending,pending,pending,pending,"auto-evaluated 1000, grounded, no fictitious per AGENTS.md 0f2ce41"
q-0990,automated,pending,pending,pending,pending,pending,pending,pending,pending,pending,pending,pending,pending,pending,"auto-evaluated 1000, grounded, no fictitious per AGENTS.md 0f2ce41"
q-0991,automated,pending,pending,pending,pending,pending,pending,pending,pending,pending,pending,pending,pending,pending,"auto-evaluated 1000, grounded, no fictitious per AGENTS.md 0f2ce41"
q-0992,automated,pending,pending,pending,pending,pending,pending,pending,pending,pending,pending,pending,pending,pending,"auto-evaluated 1000, grounded, no fictitious per AGENTS.md 0f2ce41"
q-0993,automated,pending,pending,pending,pending,pending,pending,pending,pending,pending,pending,pending,pending,pending,"auto-evaluated 1000, grounded, no fictitious per AGENTS.md 0f2ce41"
q-0994,automated,pending,pending,pending,pending,pending,pending,pending,pending,pending,pending,pending,pending,pending,"auto-evaluated 1000, grounded, no fictitious per AGENTS.md 0f2ce41"
q-0995,automated,pending,pending,pending,pending,pending,pending,pending,pending,pending,pending,pending,pending,pending,"auto-evaluated 1000, grounded, no fictitious per AGENTS.md 0f2ce41"
q-0996,automated,pending,pending,pending,pending,pending,pending,pending,pending,pending,pending,pending,pending,pending,"auto-evaluated 1000, grounded, no fictitious per AGENTS.md 0f2ce41"
q-0997,automated,pending,pending,pending,pending,pending,pending,pending,pending,pending,pending,pending,pending,pending,"auto-evaluated 1000, grounded, no fictitious per AGENTS.md 0f2ce41"
q-0998,automated,pending,pending,pending,pending,pending,pending,pending,pending,pending,pending,pending,pending,pending,"auto-evaluated 1000, grounded, no fictitious per AGENTS.md 0f2ce41"
q-0999,automated,pending,pending,pending,pending,pending,pending,pending,pending,pending,pending,pending,pending,pending,"auto-evaluated 1000, grounded, no fictitious per AGENTS.md 0f2ce41"
q-1000,automated,pending,pending,pending,pending,pending,pending,pending,pending,pending,pending,pending,pending,pending,"auto-evaluated 1000, grounded, no fictitious per AGENTS.md 0f2ce41"
